anio_enfr,prov_id,prov_nombre,grupo_edad_amp,sexo,dm_total,dm_total_se,dm_total_cv,dm_prev,dm_prev_se,dm_prev_cv,dm_prev_cv_cat
2005,2,CABA,20 a 29,Mujer,7193,4517.7,0.63,0.03,0.02,0.62,Muy alta
2005,2,CABA,20 a 29,Varón,6343,3494.72,0.55,0.02,0.01,0.55,Muy alta
2005,2,CABA,30 a 44,Mujer,8244,4595.68,0.56,0.02,0.01,0.55,Muy alta
2005,2,CABA,30 a 44,Varón,9083,3942.18,0.43,0.03,0.01,0.43,Muy alta
2005,2,CABA,45 a 59,Mujer,14629,4652.99,0.32,0.05,0.01,0.31,Muy alta
2005,2,CABA,45 a 59,Varón,26797,7669.55,0.29,0.13,0.03,0.27,Alta
2005,2,CABA,60 a 74,Mujer,40614,11233.01,0.28,0.19,0.05,0.24,Alta
2005,2,CABA,60 a 74,Varón,41244,9502.24,0.23,0.2,0.04,0.21,Alta
2005,2,CABA,75+,Mujer,16494,4735.82,0.29,0.13,0.03,0.27,Alta
2005,2,CABA,75+,Varón,19159,6114.53,0.32,0.24,0.07,0.27,Alta
2005,6,Buenos Aires,20 a 29,Mujer,22301,8275.23,0.37,0.02,0.01,0.37,Muy alta
2005,6,Buenos Aires,20 a 29,Varón,20346,12712.52,0.62,0.02,0.01,0.62,Muy alta
2005,6,Buenos Aires,30 a 44,Mujer,101394,21429.5,0.21,0.06,0.01,0.21,Alta
2005,6,Buenos Aires,30 a 44,Varón,49048,13505.88,0.28,0.04,0.01,0.27,Alta
2005,6,Buenos Aires,45 a 59,Mujer,120718,24656.69,0.2,0.11,0.02,0.19,Moderada
2005,6,Buenos Aires,45 a 59,Varón,110814,26683.72,0.24,0.1,0.02,0.23,Alta
2005,6,Buenos Aires,60 a 74,Mujer,150384,27399.29,0.18,0.19,0.03,0.16,Moderada
2005,6,Buenos Aires,60 a 74,Varón,108933,21801.5,0.2,0.16,0.03,0.18,Moderada
2005,6,Buenos Aires,75+,Mujer,66886,16675.92,0.25,0.18,0.04,0.22,Alta
2005,6,Buenos Aires,75+,Varón,78511,22192.49,0.28,0.3,0.07,0.23,Alta
2005,10,Catamarca,20 a 29,Mujer,835,484.86,0.58,0.04,0.02,0.56,Muy alta
2005,10,Catamarca,20 a 29,Varón,587,277.83,0.47,0.03,0.01,0.47,Muy alta
2005,10,Catamarca,30 a 44,Mujer,2119,516.79,0.24,0.08,0.02,0.23,Alta
2005,10,Catamarca,30 a 44,Varón,1019,333.61,0.33,0.04,0.01,0.32,Muy alta
2005,10,Catamarca,45 a 59,Mujer,2383,547.86,0.23,0.14,0.03,0.22,Alta
2005,10,Catamarca,45 a 59,Varón,2021,594.56,0.29,0.13,0.04,0.28,Alta
2005,10,Catamarca,60 a 74,Mujer,2946,645.14,0.22,0.31,0.06,0.19,Moderada
2005,10,Catamarca,60 a 74,Varón,1133,375.42,0.33,0.15,0.05,0.31,Muy alta
2005,10,Catamarca,75+,Mujer,341,170.22,0.5,0.11,0.05,0.48,Muy alta
2005,10,Catamarca,75+,Varón,241,118.96,0.49,0.11,0.05,0.49,Muy alta
2005,14,Córdoba,20 a 29,Mujer,11863,5457.45,0.46,0.05,0.02,0.45,Muy alta
2005,14,Córdoba,20 a 29,Varón,5391,4237.88,0.79,0.02,0.02,0.78,Muy alta
2005,14,Córdoba,30 a 44,Mujer,18425,5065,0.27,0.06,0.02,0.27,Alta
2005,14,Córdoba,30 a 44,Varón,14519,6797.12,0.47,0.07,0.03,0.44,Muy alta
2005,14,Córdoba,45 a 59,Mujer,27552,9211.61,0.33,0.12,0.04,0.31,Muy alta
2005,14,Córdoba,45 a 59,Varón,23803,6875.68,0.29,0.15,0.04,0.26,Alta
2005,14,Córdoba,60 a 74,Mujer,38093,9065.27,0.24,0.23,0.05,0.2,Moderada
2005,14,Córdoba,60 a 74,Varón,34427,9093.35,0.26,0.22,0.05,0.23,Alta
2005,14,Córdoba,75+,Mujer,10380,2971.59,0.29,0.17,0.04,0.27,Alta
2005,14,Córdoba,75+,Varón,8449,3455.95,0.41,0.18,0.07,0.38,Muy alta
2005,18,Corrientes,20 a 29,Mujer,5472,2009.52,0.37,0.08,0.03,0.35,Muy alta
2005,18,Corrientes,20 a 29,Varón,989,627.42,0.63,0.02,0.01,0.63,Muy alta
2005,18,Corrientes,30 a 44,Mujer,3962,1061.33,0.27,0.05,0.01,0.26,Alta
2005,18,Corrientes,30 a 44,Varón,1624,697.27,0.43,0.02,0.01,0.43,Muy alta
2005,18,Corrientes,45 a 59,Mujer,5058,1418.69,0.28,0.1,0.03,0.27,Alta
2005,18,Corrientes,45 a 59,Varón,7148,1953.21,0.27,0.15,0.04,0.25,Alta
2005,18,Corrientes,60 a 74,Mujer,5969,1390.18,0.23,0.2,0.04,0.21,Alta
2005,18,Corrientes,60 a 74,Varón,4863,1380.51,0.28,0.22,0.06,0.25,Alta
2005,18,Corrientes,75+,Mujer,576,353.03,0.61,0.05,0.03,0.61,Muy alta
2005,18,Corrientes,75+,Varón,1643,699.88,0.43,0.22,0.09,0.4,Muy alta
2005,22,Chaco,20 a 29,Mujer,3264,1186.6,0.36,0.05,0.02,0.35,Muy alta
2005,22,Chaco,20 a 29,Varón,1985,811.22,0.41,0.03,0.01,0.4,Muy alta
2005,22,Chaco,30 a 44,Mujer,7576,1572.48,0.21,0.1,0.02,0.2,Moderada
2005,22,Chaco,30 a 44,Varón,2784,932.53,0.33,0.04,0.01,0.33,Muy alta
2005,22,Chaco,45 a 59,Mujer,6322,1577.73,0.25,0.14,0.03,0.23,Alta
2005,22,Chaco,45 a 59,Varón,4906,1500.85,0.31,0.09,0.03,0.29,Alta
2005,22,Chaco,60 a 74,Mujer,7019,1571.99,0.22,0.23,0.04,0.19,Moderada
2005,22,Chaco,60 a 74,Varón,3480,974.12,0.28,0.16,0.04,0.27,Alta
2005,22,Chaco,75+,Mujer,1567,603.97,0.39,0.13,0.05,0.37,Muy alta
2005,22,Chaco,75+,Varón,1220,471.38,0.39,0.15,0.06,0.38,Muy alta
2005,26,Chubut,20 a 29,Mujer,1098,414.86,0.38,0.04,0.02,0.37,Muy alta
2005,26,Chubut,20 a 29,Varón,552,324.42,0.59,0.02,0.01,0.59,Muy alta
2005,26,Chubut,30 a 44,Mujer,3669,946.7,0.26,0.09,0.02,0.25,Alta
2005,26,Chubut,30 a 44,Varón,2295,665.8,0.29,0.06,0.02,0.29,Alta
2005,26,Chubut,45 a 59,Mujer,4116,767.73,0.19,0.14,0.02,0.18,Moderada
2005,26,Chubut,45 a 59,Varón,3631,831.23,0.23,0.14,0.03,0.22,Alta
2005,26,Chubut,60 a 74,Mujer,2912,724.66,0.25,0.17,0.04,0.23,Alta
2005,26,Chubut,60 a 74,Varón,2035,493.92,0.24,0.12,0.03,0.26,Alta
2005,26,Chubut,75+,Mujer,2001,665.68,0.33,0.29,0.08,0.27,Alta
2005,26,Chubut,75+,Varón,592,264.77,0.45,0.27,0.11,0.4,Muy alta
2005,30,Entre Ríos,20 a 29,Mujer,3298,1537.78,0.47,0.04,0.02,0.46,Muy alta
2005,30,Entre Ríos,20 a 29,Varón,577,408.83,0.71,0.01,0.01,0.71,Muy alta
2005,30,Entre Ríos,30 a 44,Mujer,4964,1547.58,0.31,0.05,0.02,0.31,Muy alta
2005,30,Entre Ríos,30 a 44,Varón,1599,759.92,0.48,0.02,0.01,0.48,Muy alta
2005,30,Entre Ríos,45 a 59,Mujer,6811,2034.23,0.3,0.1,0.03,0.28,Alta
2005,30,Entre Ríos,45 a 59,Varón,10227,2767.55,0.27,0.13,0.03,0.25,Alta
2005,30,Entre Ríos,60 a 74,Mujer,10077,2810.82,0.28,0.18,0.04,0.25,Alta
2005,30,Entre Ríos,60 a 74,Varón,6408,1816.53,0.28,0.14,0.04,0.27,Alta
2005,30,Entre Ríos,75+,Mujer,5444,1965.15,0.36,0.18,0.06,0.35,Muy alta
2005,30,Entre Ríos,75+,Varón,3471,1653.05,0.48,0.19,0.08,0.42,Muy alta
2005,34,Formosa,20 a 29,Mujer,1438,415.01,0.29,0.05,0.01,0.29,Alta
2005,34,Formosa,20 a 29,Varón,177,125.21,0.71,0.01,0.01,0.71,Muy alta
2005,34,Formosa,30 a 44,Mujer,1540,457.89,0.3,0.04,0.01,0.29,Alta
2005,34,Formosa,30 a 44,Varón,2214,727.21,0.33,0.06,0.02,0.32,Muy alta
2005,34,Formosa,45 a 59,Mujer,3981,1230.52,0.31,0.19,0.05,0.26,Alta
2005,34,Formosa,45 a 59,Varón,2391,578.54,0.24,0.1,0.02,0.24,Alta
2005,34,Formosa,60 a 74,Mujer,3060,822.37,0.27,0.29,0.07,0.24,Alta
2005,34,Formosa,60 a 74,Varón,680,275.74,0.41,0.09,0.04,0.41,Muy alta
2005,34,Formosa,75+,Mujer,1485,901.67,0.61,0.22,0.12,0.55,Muy alta
2005,34,Formosa,75+,Varón,184,100.2,0.54,0.04,0.02,0.58,Muy alta
2005,38,Jujuy,20 a 29,Mujer,663,419.69,0.63,0.02,0.01,0.63,Muy alta
2005,38,Jujuy,20 a 29,Varón,0,0,,0,0,,
2005,38,Jujuy,30 a 44,Mujer,2064,582.1,0.28,0.03,0.01,0.29,Alta
2005,38,Jujuy,30 a 44,Varón,996,456.12,0.46,0.02,0.01,0.46,Muy alta
2005,38,Jujuy,45 a 59,Mujer,1603,490.84,0.31,0.05,0.02,0.33,Muy alta
2005,38,Jujuy,45 a 59,Varón,2592,913.72,0.35,0.08,0.03,0.34,Muy alta
2005,38,Jujuy,60 a 74,Mujer,1335,434.41,0.33,0.08,0.02,0.32,Muy alta
2005,38,Jujuy,60 a 74,Varón,2773,796.21,0.29,0.13,0.04,0.29,Alta
2005,38,Jujuy,75+,Mujer,795,261.85,0.33,0.11,0.04,0.35,Muy alta
2005,38,Jujuy,75+,Varón,778,331.78,0.43,0.15,0.06,0.41,Muy alta
2005,42,La Pampa,20 a 29,Mujer,709,272.06,0.38,0.05,0.02,0.38,Muy alta
2005,42,La Pampa,20 a 29,Varón,57,57,1,0,0,1,Muy alta
2005,42,La Pampa,30 a 44,Mujer,2568,694.31,0.27,0.1,0.03,0.25,Alta
2005,42,La Pampa,30 a 44,Varón,194,139.27,0.72,0.01,0.01,0.72,Muy alta
2005,42,La Pampa,45 a 59,Mujer,1431,380.16,0.27,0.09,0.02,0.26,Alta
2005,42,La Pampa,45 a 59,Varón,1426,478.78,0.34,0.09,0.03,0.32,Muy alta
2005,42,La Pampa,60 a 74,Mujer,1329,438.62,0.33,0.14,0.04,0.3,Alta
2005,42,La Pampa,60 a 74,Varón,1256,425.31,0.34,0.17,0.05,0.31,Muy alta
2005,42,La Pampa,75+,Mujer,399,172.45,0.43,0.09,0.04,0.41,Muy alta
2005,42,La Pampa,75+,Varón,887,363.76,0.41,0.22,0.08,0.35,Muy alta
2005,46,La Rioja,20 a 29,Mujer,1266,428.36,0.34,0.05,0.02,0.33,Muy alta
2005,46,La Rioja,20 a 29,Varón,489,224.4,0.46,0.02,0.01,0.46,Muy alta
2005,46,La Rioja,30 a 44,Mujer,2469,545.05,0.22,0.09,0.02,0.21,Alta
2005,46,La Rioja,30 a 44,Varón,829,330.73,0.4,0.03,0.01,0.39,Muy alta
2005,46,La Rioja,45 a 59,Mujer,3252,634.97,0.2,0.22,0.04,0.17,Moderada
2005,46,La Rioja,45 a 59,Varón,1897,484.52,0.26,0.11,0.03,0.24,Alta
2005,46,La Rioja,60 a 74,Mujer,1896,496.4,0.26,0.22,0.05,0.23,Alta
2005,46,La Rioja,60 a 74,Varón,2033,512.67,0.25,0.23,0.05,0.23,Alta
2005,46,La Rioja,75+,Mujer,603,257.86,0.43,0.23,0.08,0.36,Muy alta
2005,46,La Rioja,75+,Varón,86,62.43,0.73,0.04,0.03,0.74,Muy alta
2005,50,Mendoza,20 a 29,Mujer,1586,912.4,0.58,0.02,0.01,0.57,Muy alta
2005,50,Mendoza,20 a 29,Varón,3334,1928.03,0.58,0.03,0.02,0.57,Muy alta
2005,50,Mendoza,30 a 44,Mujer,2414,1023.51,0.42,0.02,0.01,0.42,Muy alta
2005,50,Mendoza,30 a 44,Varón,1400,805.91,0.58,0.01,0.01,0.58,Muy alta
2005,50,Mendoza,45 a 59,Mujer,10095,2463.36,0.24,0.1,0.02,0.23,Alta
2005,50,Mendoza,45 a 59,Varón,11566,3278.06,0.28,0.11,0.03,0.27,Alta
2005,50,Mendoza,60 a 74,Mujer,10138,2677.29,0.26,0.12,0.03,0.25,Alta
2005,50,Mendoza,60 a 74,Varón,4331,1401.83,0.32,0.1,0.03,0.32,Muy alta
2005,50,Mendoza,75+,Mujer,5926,1820.28,0.31,0.16,0.05,0.29,Alta
2005,50,Mendoza,75+,Varón,7200,1968.69,0.27,0.33,0.07,0.22,Alta
2005,54,Misiones,20 a 29,Mujer,1131,591.79,0.52,0.02,0.01,0.52,Muy alta
2005,54,Misiones,20 a 29,Varón,1057,545.62,0.52,0.02,0.01,0.51,Muy alta
2005,54,Misiones,30 a 44,Mujer,4964,1342.58,0.27,0.07,0.02,0.26,Alta
2005,54,Misiones,30 a 44,Varón,1830,655.63,0.36,0.04,0.01,0.36,Muy alta
2005,54,Misiones,45 a 59,Mujer,4958,1470.74,0.3,0.12,0.03,0.28,Alta
2005,54,Misiones,45 a 59,Varón,4723,1246.32,0.26,0.09,0.02,0.25,Alta
2005,54,Misiones,60 a 74,Mujer,5610,1530.99,0.27,0.21,0.05,0.24,Alta
2005,54,Misiones,60 a 74,Varón,3269,921.67,0.28,0.16,0.04,0.27,Alta
2005,54,Misiones,75+,Mujer,965,399.06,0.41,0.13,0.05,0.4,Muy alta
2005,54,Misiones,75+,Varón,2082,703.47,0.34,0.19,0.06,0.32,Muy alta
2005,58,Neuquén,20 a 29,Mujer,1908,652.84,0.34,0.06,0.02,0.33,Muy alta
2005,58,Neuquén,20 a 29,Varón,1471,679.92,0.46,0.05,0.02,0.45,Muy alta
2005,58,Neuquén,30 a 44,Mujer,4982,1055.03,0.21,0.1,0.02,0.2,Moderada
2005,58,Neuquén,30 a 44,Varón,2748,839.94,0.31,0.07,0.02,0.29,Alta
2005,58,Neuquén,45 a 59,Mujer,3063,811.68,0.26,0.11,0.03,0.25,Alta
2005,58,Neuquén,45 a 59,Varón,3510,976.2,0.28,0.11,0.03,0.26,Alta
2005,58,Neuquén,60 a 74,Mujer,2341,607.59,0.26,0.2,0.05,0.24,Alta
2005,58,Neuquén,60 a 74,Varón,2630,699.32,0.27,0.21,0.05,0.24,Alta
2005,58,Neuquén,75+,Mujer,1268,440.92,0.35,0.17,0.06,0.34,Muy alta
2005,58,Neuquén,75+,Varón,466,258.82,0.56,0.11,0.06,0.54,Muy alta
2005,62,Río Negro,20 a 29,Mujer,1335,452.4,0.34,0.05,0.02,0.33,Muy alta
2005,62,Río Negro,20 a 29,Varón,1086,483.5,0.45,0.03,0.01,0.44,Muy alta
2005,62,Río Negro,30 a 44,Mujer,4222,1011.88,0.24,0.08,0.02,0.23,Alta
2005,62,Río Negro,30 a 44,Varón,1585,818.18,0.52,0.04,0.02,0.5,Muy alta
2005,62,Río Negro,45 a 59,Mujer,6103,1131.95,0.19,0.16,0.03,0.17,Moderada
2005,62,Río Negro,45 a 59,Varón,2672,823.5,0.31,0.07,0.02,0.3,Alta
2005,62,Río Negro,60 a 74,Mujer,4727,1176.57,0.25,0.22,0.05,0.21,Alta
2005,62,Río Negro,60 a 74,Varón,4821,1392.05,0.29,0.24,0.06,0.25,Alta
2005,62,Río Negro,75+,Mujer,1861,641.39,0.34,0.21,0.06,0.31,Muy alta
2005,62,Río Negro,75+,Varón,2075,960.49,0.46,0.29,0.11,0.38,Muy alta
2005,66,Salta,20 a 29,Mujer,1966,1032.79,0.53,0.02,0.01,0.52,Muy alta
2005,66,Salta,20 a 29,Varón,511,457.56,0.9,0.01,0.01,0.89,Muy alta
2005,66,Salta,30 a 44,Mujer,3598,1275.22,0.35,0.04,0.01,0.35,Muy alta
2005,66,Salta,30 a 44,Varón,1980,826.66,0.42,0.02,0.01,0.42,Muy alta
2005,66,Salta,45 a 59,Mujer,4655,1135.26,0.24,0.08,0.02,0.24,Alta
2005,66,Salta,45 a 59,Varón,2130,799.39,0.38,0.04,0.01,0.37,Muy alta
2005,66,Salta,60 a 74,Mujer,2741,703.26,0.26,0.09,0.02,0.26,Alta
2005,66,Salta,60 a 74,Varón,2724,1032.84,0.38,0.11,0.04,0.36,Muy alta
2005,66,Salta,75+,Mujer,1787,552.39,0.31,0.15,0.05,0.34,Muy alta
2005,66,Salta,75+,Varón,1632,846.99,0.52,0.14,0.07,0.51,Muy alta
2005,70,San Juan,20 a 29,Mujer,2096,770.16,0.37,0.05,0.02,0.36,Muy alta
2005,70,San Juan,20 a 29,Varón,1460,623.51,0.43,0.03,0.01,0.42,Muy alta
2005,70,San Juan,30 a 44,Mujer,5715,1331.29,0.23,0.09,0.02,0.22,Alta
2005,70,San Juan,30 a 44,Varón,1666,730.22,0.44,0.03,0.01,0.43,Muy alta
2005,70,San Juan,45 a 59,Mujer,5180,1213.14,0.23,0.12,0.03,0.22,Alta
2005,70,San Juan,45 a 59,Varón,2506,909.47,0.36,0.06,0.02,0.35,Muy alta
2005,70,San Juan,60 a 74,Mujer,5337,1108.39,0.21,0.2,0.04,0.19,Moderada
2005,70,San Juan,60 a 74,Varón,4226,1120.19,0.27,0.21,0.05,0.24,Alta
2005,70,San Juan,75+,Mujer,1967,818.34,0.42,0.18,0.07,0.36,Muy alta
2005,70,San Juan,75+,Varón,3255,1072.68,0.33,0.31,0.09,0.27,Alta
2005,74,San Luis,20 a 29,Mujer,1355,402.07,0.3,0.05,0.02,0.29,Alta
2005,74,San Luis,20 a 29,Varón,547,362.77,0.66,0.02,0.01,0.66,Muy alta
2005,74,San Luis,30 a 44,Mujer,5151,954.51,0.19,0.14,0.02,0.17,Moderada
2005,74,San Luis,30 a 44,Varón,1649,564.52,0.34,0.05,0.02,0.33,Muy alta
2005,74,San Luis,45 a 59,Mujer,4092,802.16,0.2,0.15,0.03,0.18,Moderada
2005,74,San Luis,45 a 59,Varón,2920,746.69,0.26,0.12,0.03,0.24,Alta
2005,74,San Luis,60 a 74,Mujer,1358,367.2,0.27,0.09,0.02,0.26,Alta
2005,74,San Luis,60 a 74,Varón,2191,728.91,0.33,0.19,0.06,0.3,Alta
2005,74,San Luis,75+,Mujer,931,322.2,0.35,0.18,0.06,0.32,Muy alta
2005,74,San Luis,75+,Varón,347,168.43,0.49,0.08,0.04,0.48,Muy alta
2005,78,Santa Cruz,20 a 29,Mujer,176,84.71,0.48,0.01,0.01,0.48,Muy alta
2005,78,Santa Cruz,20 a 29,Varón,183,183,1,0.01,0.01,0.99,Muy alta
2005,78,Santa Cruz,30 a 44,Mujer,1646,439.71,0.27,0.09,0.02,0.25,Alta
2005,78,Santa Cruz,30 a 44,Varón,913,297.8,0.33,0.05,0.02,0.32,Muy alta
2005,78,Santa Cruz,45 a 59,Mujer,1926,434.27,0.23,0.16,0.03,0.2,Moderada
2005,78,Santa Cruz,45 a 59,Varón,2066,529.47,0.26,0.14,0.03,0.24,Alta
2005,78,Santa Cruz,60 a 74,Mujer,1383,352.86,0.26,0.17,0.04,0.23,Alta
2005,78,Santa Cruz,60 a 74,Varón,828,267.48,0.32,0.14,0.04,0.31,Muy alta
2005,78,Santa Cruz,75+,Mujer,185,80.1,0.43,0.11,0.05,0.46,Muy alta
2005,78,Santa Cruz,75+,Varón,121,74.32,0.61,0.1,0.06,0.62,Muy alta
2005,82,Santa Fe,20 a 29,Mujer,10543,4308.72,0.41,0.05,0.02,0.4,Muy alta
2005,82,Santa Fe,20 a 29,Varón,5567,2673.49,0.48,0.03,0.01,0.48,Muy alta
2005,82,Santa Fe,30 a 44,Mujer,9526,3288.78,0.35,0.04,0.01,0.34,Muy alta
2005,82,Santa Fe,30 a 44,Varón,10720,4027.55,0.38,0.04,0.02,0.37,Muy alta
2005,82,Santa Fe,45 a 59,Mujer,22514,5459.89,0.24,0.11,0.03,0.23,Alta
2005,82,Santa Fe,45 a 59,Varón,33434,8444.54,0.25,0.15,0.04,0.23,Alta
2005,82,Santa Fe,60 a 74,Mujer,25317,5480.53,0.22,0.14,0.03,0.2,Moderada
2005,82,Santa Fe,60 a 74,Varón,27533,7892.44,0.29,0.22,0.05,0.25,Alta
2005,82,Santa Fe,75+,Mujer,4710,1755.76,0.37,0.06,0.02,0.37,Muy alta
2005,82,Santa Fe,75+,Varón,8363,3821.52,0.46,0.21,0.09,0.41,Muy alta
2005,86,Santiago del Estero,20 a 29,Mujer,1364,533.32,0.39,0.03,0.01,0.39,Muy alta
2005,86,Santiago del Estero,20 a 29,Varón,1061,551.8,0.52,0.03,0.01,0.51,Muy alta
2005,86,Santiago del Estero,30 a 44,Mujer,3386,765.68,0.23,0.07,0.01,0.22,Alta
2005,86,Santiago del Estero,30 a 44,Varón,2829,746.54,0.26,0.06,0.02,0.26,Alta
2005,86,Santiago del Estero,45 a 59,Mujer,5471,1164.75,0.21,0.15,0.03,0.19,Moderada
2005,86,Santiago del Estero,45 a 59,Varón,5182,1128.84,0.22,0.16,0.03,0.2,Moderada
2005,86,Santiago del Estero,60 a 74,Mujer,3108,872.79,0.28,0.15,0.04,0.26,Alta
2005,86,Santiago del Estero,60 a 74,Varón,4893,1112.78,0.23,0.31,0.06,0.19,Moderada
2005,86,Santiago del Estero,75+,Mujer,620,250.85,0.4,0.06,0.03,0.41,Muy alta
2005,86,Santiago del Estero,75+,Varón,1253,440.35,0.35,0.19,0.06,0.32,Muy alta
2005,90,Tucumán,20 a 29,Mujer,1385,640.35,0.46,0.01,0.01,0.46,Muy alta
2005,90,Tucumán,20 a 29,Varón,0,0,,0,0,,
2005,90,Tucumán,30 a 44,Mujer,9117,2301.21,0.25,0.08,0.02,0.24,Alta
2005,90,Tucumán,30 a 44,Varón,1178,737.58,0.63,0.01,0.01,0.62,Muy alta
2005,90,Tucumán,45 a 59,Mujer,10150,2279.61,0.22,0.12,0.03,0.21,Alta
2005,90,Tucumán,45 a 59,Varón,5141,1563.12,0.3,0.06,0.02,0.3,Alta
2005,90,Tucumán,60 a 74,Mujer,10969,2600.88,0.24,0.24,0.05,0.2,Moderada
2005,90,Tucumán,60 a 74,Varón,8081,2053.77,0.25,0.2,0.05,0.23,Alta
2005,90,Tucumán,75+,Mujer,1883,950.78,0.5,0.1,0.05,0.48,Muy alta
2005,90,Tucumán,75+,Varón,2163,1178.44,0.54,0.15,0.08,0.5,Muy alta
2005,94,Tierra del Fuego,20 a 29,Mujer,512,197.76,0.39,0.07,0.02,0.38,Muy alta
2005,94,Tierra del Fuego,20 a 29,Varón,158,117.77,0.75,0.02,0.02,0.74,Muy alta
2005,94,Tierra del Fuego,30 a 44,Mujer,2119,400.21,0.19,0.14,0.02,0.17,Moderada
2005,94,Tierra del Fuego,30 a 44,Varón,740,231.32,0.31,0.06,0.02,0.3,Alta
2005,94,Tierra del Fuego,45 a 59,Mujer,1179,265.97,0.23,0.15,0.03,0.21,Alta
2005,94,Tierra del Fuego,45 a 59,Varón,585,195.26,0.33,0.08,0.02,0.32,Muy alta
2005,94,Tierra del Fuego,60 a 74,Mujer,352,118.97,0.34,0.18,0.06,0.32,Muy alta
2005,94,Tierra del Fuego,60 a 74,Varón,425,150.55,0.35,0.24,0.08,0.31,Muy alta
2005,94,Tierra del Fuego,75+,Mujer,17,17,1,0.05,0.05,1.03,Muy alta
2005,94,Tierra del Fuego,75+,Varón,105,74.33,0.71,0.26,0.16,0.61,Muy alta
2009,2,CABA,20 a 29,Mujer,7595,4591.77,0.6,0.03,0.02,0.6,Muy alta
2009,2,CABA,20 a 29,Varón,3744,3744,1,0.02,0.02,0.99,Muy alta
2009,2,CABA,30 a 44,Mujer,14831,5429.2,0.37,0.04,0.01,0.36,Muy alta
2009,2,CABA,30 a 44,Varón,5730,3571.57,0.62,0.02,0.01,0.62,Muy alta
2009,2,CABA,45 a 59,Mujer,22568,8516.19,0.38,0.07,0.03,0.36,Muy alta
2009,2,CABA,45 a 59,Varón,27429,8887.56,0.32,0.12,0.04,0.3,Alta
2009,2,CABA,60 a 74,Mujer,34447,9330.94,0.27,0.16,0.04,0.25,Alta
2009,2,CABA,60 a 74,Varón,28206,8088.08,0.29,0.15,0.04,0.27,Alta
2009,2,CABA,75+,Mujer,14720,4910.89,0.33,0.12,0.04,0.32,Muy alta
2009,2,CABA,75+,Varón,13556,5432.28,0.4,0.15,0.06,0.38,Muy alta
2009,6,Buenos Aires,20 a 29,Mujer,41404,10376.02,0.25,0.04,0.01,0.25,Alta
2009,6,Buenos Aires,20 a 29,Varón,27394,9533.03,0.35,0.02,0.01,0.34,Muy alta
2009,6,Buenos Aires,30 a 44,Mujer,149802,20202.81,0.13,0.09,0.01,0.13,Moderada
2009,6,Buenos Aires,30 a 44,Varón,53367,10985.42,0.21,0.04,0.01,0.2,Moderada
2009,6,Buenos Aires,45 a 59,Mujer,127423,17603.74,0.14,0.11,0.01,0.13,Moderada
2009,6,Buenos Aires,45 a 59,Varón,112601,17689.91,0.16,0.1,0.02,0.15,Moderada
2009,6,Buenos Aires,60 a 74,Mujer,191918,20476.24,0.11,0.2,0.02,0.1,Baja
2009,6,Buenos Aires,60 a 74,Varón,167288,21389.93,0.13,0.23,0.03,0.11,Moderada
2009,6,Buenos Aires,75+,Mujer,61412,10943.59,0.18,0.18,0.03,0.16,Moderada
2009,6,Buenos Aires,75+,Varón,56325,12120.98,0.22,0.22,0.04,0.19,Moderada
2009,10,Catamarca,20 a 29,Mujer,1450,504.94,0.35,0.07,0.02,0.34,Muy alta
2009,10,Catamarca,20 a 29,Varón,598,406.81,0.68,0.03,0.02,0.67,Muy alta
2009,10,Catamarca,30 a 44,Mujer,1618,464.05,0.29,0.06,0.02,0.28,Alta
2009,10,Catamarca,30 a 44,Varón,253,150.72,0.6,0.01,0.01,0.6,Muy alta
2009,10,Catamarca,45 a 59,Mujer,4001,1014.75,0.25,0.17,0.04,0.23,Alta
2009,10,Catamarca,45 a 59,Varón,2679,709.79,0.26,0.13,0.03,0.25,Alta
2009,10,Catamarca,60 a 74,Mujer,3932,854.86,0.22,0.29,0.05,0.18,Moderada
2009,10,Catamarca,60 a 74,Varón,2055,637.75,0.31,0.24,0.06,0.27,Alta
2009,10,Catamarca,75+,Mujer,738,309.32,0.42,0.19,0.07,0.39,Muy alta
2009,10,Catamarca,75+,Varón,244,172.55,0.71,0.08,0.05,0.69,Muy alta
2009,14,Córdoba,20 a 29,Mujer,13729,4472.64,0.33,0.06,0.02,0.32,Muy alta
2009,14,Córdoba,20 a 29,Varón,15594,5360.25,0.34,0.07,0.02,0.33,Muy alta
2009,14,Córdoba,30 a 44,Mujer,22968,4954.39,0.22,0.09,0.02,0.21,Alta
2009,14,Córdoba,30 a 44,Varón,10587,3199.37,0.3,0.04,0.01,0.3,Alta
2009,14,Córdoba,45 a 59,Mujer,26424,5338.43,0.2,0.1,0.02,0.19,Moderada
2009,14,Córdoba,45 a 59,Varón,24616,5357.82,0.22,0.12,0.02,0.21,Alta
2009,14,Córdoba,60 a 74,Mujer,26072,4630.73,0.18,0.15,0.03,0.17,Moderada
2009,14,Córdoba,60 a 74,Varón,31191,6709.99,0.22,0.2,0.04,0.19,Moderada
2009,14,Córdoba,75+,Mujer,22388,4708.36,0.21,0.23,0.04,0.18,Moderada
2009,14,Córdoba,75+,Varón,12020,3740.78,0.31,0.24,0.06,0.27,Alta
2009,18,Corrientes,20 a 29,Mujer,1411,832.85,0.59,0.02,0.01,0.59,Muy alta
2009,18,Corrientes,20 a 29,Varón,1103,1103,1,0.02,0.02,0.99,Muy alta
2009,18,Corrientes,30 a 44,Mujer,5738,1570.93,0.27,0.07,0.02,0.27,Alta
2009,18,Corrientes,30 a 44,Varón,501,380.66,0.76,0.01,0.01,0.76,Muy alta
2009,18,Corrientes,45 a 59,Mujer,15782,4274.35,0.27,0.24,0.05,0.22,Alta
2009,18,Corrientes,45 a 59,Varón,6596,1912.27,0.29,0.14,0.04,0.27,Alta
2009,18,Corrientes,60 a 74,Mujer,8770,2116.48,0.24,0.23,0.05,0.21,Alta
2009,18,Corrientes,60 a 74,Varón,4395,1596.78,0.36,0.17,0.06,0.33,Muy alta
2009,18,Corrientes,75+,Mujer,3265,1143.01,0.35,0.27,0.08,0.3,Alta
2009,18,Corrientes,75+,Varón,1836,968.04,0.53,0.16,0.08,0.49,Muy alta
2009,22,Chaco,20 a 29,Mujer,2503,1398.7,0.56,0.03,0.02,0.55,Muy alta
2009,22,Chaco,20 a 29,Varón,1570,836.82,0.53,0.02,0.01,0.53,Muy alta
2009,22,Chaco,30 a 44,Mujer,4315,1394.89,0.32,0.06,0.02,0.31,Muy alta
2009,22,Chaco,30 a 44,Varón,2725,1058.28,0.39,0.04,0.02,0.38,Muy alta
2009,22,Chaco,45 a 59,Mujer,10447,2379.02,0.23,0.18,0.04,0.21,Alta
2009,22,Chaco,45 a 59,Varón,4938,1475.01,0.3,0.07,0.02,0.29,Alta
2009,22,Chaco,60 a 74,Mujer,7435,1798.93,0.24,0.18,0.04,0.22,Alta
2009,22,Chaco,60 a 74,Varón,7196,1896.35,0.26,0.27,0.06,0.22,Alta
2009,22,Chaco,75+,Mujer,2233,1021.86,0.46,0.15,0.07,0.42,Muy alta
2009,22,Chaco,75+,Varón,2051,818.14,0.4,0.26,0.09,0.35,Muy alta
2009,26,Chubut,20 a 29,Mujer,2232,1026.69,0.46,0.08,0.03,0.44,Muy alta
2009,26,Chubut,20 a 29,Varón,1101,500.25,0.45,0.04,0.02,0.45,Muy alta
2009,26,Chubut,30 a 44,Mujer,3859,1071.09,0.28,0.09,0.02,0.27,Alta
2009,26,Chubut,30 a 44,Varón,3291,976.11,0.3,0.09,0.03,0.28,Alta
2009,26,Chubut,45 a 59,Mujer,5226,1207.13,0.23,0.15,0.03,0.21,Alta
2009,26,Chubut,45 a 59,Varón,4358,1279.24,0.29,0.15,0.04,0.27,Alta
2009,26,Chubut,60 a 74,Mujer,3156,755.21,0.24,0.16,0.04,0.22,Alta
2009,26,Chubut,60 a 74,Varón,4975,1220.45,0.25,0.28,0.06,0.2,Moderada
2009,26,Chubut,75+,Mujer,1047,371.62,0.35,0.21,0.07,0.32,Muy alta
2009,26,Chubut,75+,Varón,994,447.3,0.45,0.21,0.09,0.42,Muy alta
2009,30,Entre Ríos,20 a 29,Mujer,3984,1761.89,0.44,0.05,0.02,0.43,Muy alta
2009,30,Entre Ríos,20 a 29,Varón,2205,1174.38,0.53,0.03,0.01,0.53,Muy alta
2009,30,Entre Ríos,30 a 44,Mujer,9033,2318.01,0.26,0.09,0.02,0.24,Alta
2009,30,Entre Ríos,30 a 44,Varón,4909,2662.89,0.54,0.05,0.03,0.52,Muy alta
2009,30,Entre Ríos,45 a 59,Mujer,14591,3473.34,0.24,0.16,0.04,0.21,Alta
2009,30,Entre Ríos,45 a 59,Varón,11044,2826.83,0.26,0.15,0.04,0.23,Alta
2009,30,Entre Ríos,60 a 74,Mujer,6581,1937.17,0.29,0.12,0.03,0.27,Alta
2009,30,Entre Ríos,60 a 74,Varón,6828,2020.33,0.3,0.17,0.05,0.27,Alta
2009,30,Entre Ríos,75+,Mujer,8881,2464.5,0.28,0.22,0.05,0.24,Alta
2009,30,Entre Ríos,75+,Varón,3200,1257.71,0.39,0.25,0.09,0.34,Muy alta
2009,34,Formosa,20 a 29,Mujer,1276,614.79,0.48,0.04,0.02,0.47,Muy alta
2009,34,Formosa,20 a 29,Varón,456,386.74,0.85,0.02,0.01,0.84,Muy alta
2009,34,Formosa,30 a 44,Mujer,3109,756.33,0.24,0.07,0.02,0.24,Alta
2009,34,Formosa,30 a 44,Varón,1837,713.19,0.39,0.06,0.02,0.38,Muy alta
2009,34,Formosa,45 a 59,Mujer,4166,1015.27,0.24,0.13,0.03,0.23,Alta
2009,34,Formosa,45 a 59,Varón,2230,780.44,0.35,0.08,0.03,0.34,Muy alta
2009,34,Formosa,60 a 74,Mujer,4664,1022.17,0.22,0.27,0.05,0.18,Moderada
2009,34,Formosa,60 a 74,Varón,1801,779.51,0.43,0.15,0.06,0.39,Muy alta
2009,34,Formosa,75+,Mujer,659,283.84,0.43,0.07,0.03,0.44,Muy alta
2009,34,Formosa,75+,Varón,97,97,1,0.02,0.02,1.01,Muy alta
2009,38,Jujuy,20 a 29,Mujer,1954,786.54,0.4,0.04,0.02,0.4,Muy alta
2009,38,Jujuy,20 a 29,Varón,3441,1211.81,0.35,0.07,0.02,0.34,Muy alta
2009,38,Jujuy,30 a 44,Mujer,3940,1070.94,0.27,0.07,0.02,0.26,Alta
2009,38,Jujuy,30 a 44,Varón,2223,696.19,0.31,0.04,0.01,0.31,Muy alta
2009,38,Jujuy,45 a 59,Mujer,7067,1711.44,0.24,0.17,0.04,0.22,Alta
2009,38,Jujuy,45 a 59,Varón,4544,1263.71,0.28,0.12,0.03,0.26,Alta
2009,38,Jujuy,60 a 74,Mujer,4695,1167.22,0.25,0.17,0.04,0.23,Alta
2009,38,Jujuy,60 a 74,Varón,5273,1309,0.25,0.25,0.05,0.21,Alta
2009,38,Jujuy,75+,Mujer,2953,1004.77,0.34,0.25,0.07,0.28,Alta
2009,38,Jujuy,75+,Varón,1478,649.05,0.44,0.17,0.07,0.4,Muy alta
2009,42,La Pampa,20 a 29,Mujer,723,294.22,0.41,0.04,0.02,0.4,Muy alta
2009,42,La Pampa,20 a 29,Varón,440,328.25,0.75,0.03,0.02,0.74,Muy alta
2009,42,La Pampa,30 a 44,Mujer,3143,808.47,0.26,0.13,0.03,0.24,Alta
2009,42,La Pampa,30 a 44,Varón,845,331.14,0.39,0.04,0.02,0.39,Muy alta
2009,42,La Pampa,45 a 59,Mujer,2404,622.59,0.26,0.12,0.03,0.24,Alta
2009,42,La Pampa,45 a 59,Varón,1409,459.36,0.33,0.07,0.02,0.32,Muy alta
2009,42,La Pampa,60 a 74,Mujer,3093,675.17,0.22,0.21,0.04,0.19,Moderada
2009,42,La Pampa,60 a 74,Varón,2776,695.61,0.25,0.24,0.05,0.22,Alta
2009,42,La Pampa,75+,Mujer,1796,477.85,0.27,0.26,0.06,0.23,Alta
2009,42,La Pampa,75+,Varón,872,454.45,0.52,0.19,0.08,0.45,Muy alta
2009,46,La Rioja,20 a 29,Mujer,2231,714.47,0.32,0.08,0.03,0.31,Muy alta
2009,46,La Rioja,20 a 29,Varón,1929,685.61,0.36,0.08,0.03,0.34,Muy alta
2009,46,La Rioja,30 a 44,Mujer,2197,668.16,0.3,0.08,0.02,0.29,Alta
2009,46,La Rioja,30 a 44,Varón,1703,458.68,0.27,0.07,0.02,0.26,Alta
2009,46,La Rioja,45 a 59,Mujer,4257,886.87,0.21,0.21,0.04,0.18,Moderada
2009,46,La Rioja,45 a 59,Varón,3366,820.51,0.24,0.17,0.04,0.22,Alta
2009,46,La Rioja,60 a 74,Mujer,4187,821.24,0.2,0.42,0.06,0.14,Moderada
2009,46,La Rioja,60 a 74,Varón,2703,663.99,0.25,0.29,0.06,0.21,Alta
2009,46,La Rioja,75+,Mujer,337,195.43,0.58,0.08,0.05,0.57,Muy alta
2009,46,La Rioja,75+,Varón,145,83.78,0.58,0.11,0.06,0.6,Muy alta
2009,50,Mendoza,20 a 29,Mujer,5928,2428.89,0.41,0.05,0.02,0.4,Muy alta
2009,50,Mendoza,20 a 29,Varón,2171,1598.24,0.74,0.02,0.02,0.73,Muy alta
2009,50,Mendoza,30 a 44,Mujer,6456,2045.36,0.32,0.05,0.02,0.31,Muy alta
2009,50,Mendoza,30 a 44,Varón,9145,3081.56,0.34,0.08,0.02,0.32,Muy alta
2009,50,Mendoza,45 a 59,Mujer,8875,2853.15,0.32,0.08,0.03,0.31,Muy alta
2009,50,Mendoza,45 a 59,Varón,11739,3605.58,0.31,0.13,0.04,0.29,Alta
2009,50,Mendoza,60 a 74,Mujer,18241,3798.15,0.21,0.21,0.04,0.19,Moderada
2009,50,Mendoza,60 a 74,Varón,13466,3483.01,0.26,0.2,0.05,0.24,Alta
2009,50,Mendoza,75+,Mujer,6509,2008.96,0.31,0.21,0.06,0.28,Alta
2009,50,Mendoza,75+,Varón,3696,1912.8,0.52,0.14,0.07,0.48,Muy alta
2009,54,Misiones,20 a 29,Mujer,3402,1174.63,0.35,0.05,0.02,0.34,Muy alta
2009,54,Misiones,20 a 29,Varón,2296,1343.2,0.59,0.05,0.03,0.57,Muy alta
2009,54,Misiones,30 a 44,Mujer,8142,1939.47,0.24,0.11,0.02,0.22,Alta
2009,54,Misiones,30 a 44,Varón,2614,972.5,0.37,0.04,0.02,0.37,Muy alta
2009,54,Misiones,45 a 59,Mujer,4311,1448.13,0.34,0.09,0.03,0.32,Muy alta
2009,54,Misiones,45 a 59,Varón,5081,1540.89,0.3,0.09,0.03,0.29,Alta
2009,54,Misiones,60 a 74,Mujer,3325,966.49,0.29,0.15,0.04,0.27,Alta
2009,54,Misiones,60 a 74,Varón,5081,1933.14,0.38,0.2,0.07,0.34,Muy alta
2009,54,Misiones,75+,Mujer,2057,1176.14,0.57,0.24,0.11,0.47,Muy alta
2009,54,Misiones,75+,Varón,1175,611.12,0.52,0.22,0.1,0.46,Muy alta
2009,58,Neuquén,20 a 29,Mujer,1189,557.24,0.47,0.04,0.02,0.47,Muy alta
2009,58,Neuquén,20 a 29,Varón,254,254,1,0.01,0.01,1,Muy alta
2009,58,Neuquén,30 a 44,Mujer,3661,998.8,0.27,0.07,0.02,0.27,Alta
2009,58,Neuquén,30 a 44,Varón,2542,887.79,0.35,0.07,0.02,0.34,Muy alta
2009,58,Neuquén,45 a 59,Mujer,3088,917.16,0.3,0.1,0.03,0.29,Alta
2009,58,Neuquén,45 a 59,Varón,3216,1257.05,0.39,0.1,0.04,0.37,Muy alta
2009,58,Neuquén,60 a 74,Mujer,3190,863.09,0.27,0.17,0.04,0.25,Alta
2009,58,Neuquén,60 a 74,Varón,2794,866.03,0.31,0.13,0.04,0.3,Alta
2009,58,Neuquén,75+,Mujer,1079,459.28,0.43,0.15,0.06,0.4,Muy alta
2009,58,Neuquén,75+,Varón,1066,679.95,0.64,0.33,0.17,0.51,Muy alta
2009,62,Río Negro,20 a 29,Mujer,2143,786.3,0.37,0.07,0.02,0.36,Muy alta
2009,62,Río Negro,20 a 29,Varón,1030,638.14,0.62,0.03,0.02,0.61,Muy alta
2009,62,Río Negro,30 a 44,Mujer,3785,999,0.26,0.07,0.02,0.25,Alta
2009,62,Río Negro,30 a 44,Varón,3038,921.31,0.3,0.07,0.02,0.29,Alta
2009,62,Río Negro,45 a 59,Mujer,5293,1262.46,0.24,0.11,0.03,0.23,Alta
2009,62,Río Negro,45 a 59,Varón,5474,1233.19,0.23,0.14,0.03,0.21,Alta
2009,62,Río Negro,60 a 74,Mujer,5582,1264.07,0.23,0.23,0.04,0.2,Moderada
2009,62,Río Negro,60 a 74,Varón,3997,1015.58,0.25,0.21,0.05,0.23,Alta
2009,62,Río Negro,75+,Mujer,1692,640.73,0.38,0.19,0.07,0.35,Muy alta
2009,62,Río Negro,75+,Varón,2930,825.69,0.28,0.3,0.07,0.24,Alta
2009,66,Salta,20 a 29,Mujer,4485,1874.17,0.42,0.05,0.02,0.41,Muy alta
2009,66,Salta,20 a 29,Varón,2144,1714.36,0.8,0.02,0.02,0.79,Muy alta
2009,66,Salta,30 a 44,Mujer,5864,1555.95,0.27,0.06,0.02,0.26,Alta
2009,66,Salta,30 a 44,Varón,2009,926.46,0.46,0.02,0.01,0.46,Muy alta
2009,66,Salta,45 a 59,Mujer,13464,3157.68,0.23,0.15,0.03,0.21,Alta
2009,66,Salta,45 a 59,Varón,12744,2987.22,0.23,0.22,0.05,0.21,Alta
2009,66,Salta,60 a 74,Mujer,5582,1495.44,0.27,0.14,0.04,0.26,Alta
2009,66,Salta,60 a 74,Varón,4112,1410.76,0.34,0.09,0.03,0.34,Muy alta
2009,66,Salta,75+,Mujer,1732,789.97,0.46,0.15,0.06,0.43,Muy alta
2009,66,Salta,75+,Varón,3647,1390.87,0.38,0.28,0.09,0.33,Muy alta
2009,70,San Juan,20 a 29,Mujer,2613,1109.56,0.42,0.05,0.02,0.41,Muy alta
2009,70,San Juan,20 a 29,Varón,237,237,1,0.01,0.01,1,Muy alta
2009,70,San Juan,30 a 44,Mujer,6278,1631.17,0.26,0.1,0.03,0.25,Alta
2009,70,San Juan,30 a 44,Varón,2590,1337.9,0.52,0.05,0.03,0.5,Muy alta
2009,70,San Juan,45 a 59,Mujer,6027,1614.95,0.27,0.14,0.03,0.25,Alta
2009,70,San Juan,45 a 59,Varón,7032,1895.99,0.27,0.18,0.04,0.24,Alta
2009,70,San Juan,60 a 74,Mujer,9530,1922.19,0.2,0.24,0.04,0.18,Moderada
2009,70,San Juan,60 a 74,Varón,7177,1992.46,0.28,0.31,0.07,0.22,Alta
2009,70,San Juan,75+,Mujer,2578,919.37,0.36,0.22,0.07,0.31,Muy alta
2009,70,San Juan,75+,Varón,2556,927.32,0.36,0.2,0.07,0.34,Muy alta
2009,74,San Luis,20 a 29,Mujer,2264,697.67,0.31,0.07,0.02,0.3,Alta
2009,74,San Luis,20 a 29,Varón,784,472.15,0.6,0.02,0.01,0.6,Muy alta
2009,74,San Luis,30 a 44,Mujer,3500,789.08,0.23,0.1,0.02,0.22,Alta
2009,74,San Luis,30 a 44,Varón,1483,547.6,0.37,0.04,0.02,0.36,Muy alta
2009,74,San Luis,45 a 59,Mujer,2554,709.44,0.28,0.09,0.02,0.27,Alta
2009,74,San Luis,45 a 59,Varón,3503,929.89,0.27,0.13,0.03,0.25,Alta
2009,74,San Luis,60 a 74,Mujer,5366,1106.37,0.21,0.24,0.04,0.18,Moderada
2009,74,San Luis,60 a 74,Varón,4098,994.16,0.24,0.24,0.05,0.21,Alta
2009,74,San Luis,75+,Mujer,1698,552.91,0.33,0.21,0.06,0.3,Alta
2009,74,San Luis,75+,Varón,593,419.34,0.71,0.13,0.09,0.65,Muy alta
2009,78,Santa Cruz,20 a 29,Mujer,732,303.17,0.41,0.05,0.02,0.41,Muy alta
2009,78,Santa Cruz,20 a 29,Varón,485,302.55,0.62,0.03,0.02,0.61,Muy alta
2009,78,Santa Cruz,30 a 44,Mujer,2857,672.75,0.24,0.14,0.03,0.22,Alta
2009,78,Santa Cruz,30 a 44,Varón,584,272.98,0.47,0.03,0.01,0.46,Muy alta
2009,78,Santa Cruz,45 a 59,Mujer,1457,436.18,0.3,0.1,0.03,0.28,Alta
2009,78,Santa Cruz,45 a 59,Varón,1441,405.19,0.28,0.1,0.03,0.27,Alta
2009,78,Santa Cruz,60 a 74,Mujer,2511,525.01,0.21,0.3,0.05,0.18,Moderada
2009,78,Santa Cruz,60 a 74,Varón,2235,503.17,0.23,0.29,0.06,0.19,Moderada
2009,78,Santa Cruz,75+,Mujer,456,186.84,0.41,0.24,0.09,0.36,Muy alta
2009,78,Santa Cruz,75+,Varón,286,168.12,0.59,0.17,0.09,0.54,Muy alta
2009,82,Santa Fe,20 a 29,Mujer,6612,2465.49,0.37,0.03,0.01,0.37,Muy alta
2009,82,Santa Fe,20 a 29,Varón,7269,4278.03,0.59,0.04,0.02,0.57,Muy alta
2009,82,Santa Fe,30 a 44,Mujer,17404,3893.57,0.22,0.06,0.01,0.22,Alta
2009,82,Santa Fe,30 a 44,Varón,14213,3646.6,0.26,0.06,0.02,0.25,Alta
2009,82,Santa Fe,45 a 59,Mujer,17309,4402.96,0.25,0.07,0.02,0.25,Alta
2009,82,Santa Fe,45 a 59,Varón,24470,6550.02,0.27,0.12,0.03,0.25,Alta
2009,82,Santa Fe,60 a 74,Mujer,26601,5222.07,0.2,0.14,0.03,0.18,Moderada
2009,82,Santa Fe,60 a 74,Varón,27784,5784.3,0.21,0.2,0.04,0.19,Moderada
2009,82,Santa Fe,75+,Mujer,9793,2753.26,0.28,0.11,0.03,0.27,Alta
2009,82,Santa Fe,75+,Varón,16072,4519.02,0.28,0.25,0.06,0.24,Alta
2009,86,Santiago del Estero,20 a 29,Mujer,5636,1684.96,0.3,0.12,0.03,0.28,Alta
2009,86,Santiago del Estero,20 a 29,Varón,2831,1036.22,0.37,0.07,0.02,0.36,Muy alta
2009,86,Santiago del Estero,30 a 44,Mujer,8609,1739.47,0.2,0.15,0.03,0.19,Moderada
2009,86,Santiago del Estero,30 a 44,Varón,5517,1599.62,0.29,0.12,0.03,0.27,Alta
2009,86,Santiago del Estero,45 a 59,Mujer,8326,2042.84,0.25,0.23,0.05,0.21,Alta
2009,86,Santiago del Estero,45 a 59,Varón,8846,2268.37,0.26,0.22,0.05,0.22,Alta
2009,86,Santiago del Estero,60 a 74,Mujer,6202,1667.74,0.27,0.22,0.05,0.24,Alta
2009,86,Santiago del Estero,60 a 74,Varón,5809,1634.81,0.28,0.31,0.07,0.24,Alta
2009,86,Santiago del Estero,75+,Mujer,2220,846.64,0.38,0.21,0.07,0.35,Muy alta
2009,86,Santiago del Estero,75+,Varón,878,631.31,0.72,0.15,0.1,0.67,Muy alta
2009,90,Tucumán,20 a 29,Mujer,8032,2402.87,0.3,0.08,0.02,0.29,Alta
2009,90,Tucumán,20 a 29,Varón,6150,2341,0.38,0.06,0.02,0.37,Muy alta
2009,90,Tucumán,30 a 44,Mujer,8982,2277.96,0.25,0.07,0.02,0.24,Alta
2009,90,Tucumán,30 a 44,Varón,4217,2154.11,0.51,0.04,0.02,0.5,Muy alta
2009,90,Tucumán,45 a 59,Mujer,10575,2542.39,0.24,0.12,0.03,0.23,Alta
2009,90,Tucumán,45 a 59,Varón,10354,2916.78,0.28,0.14,0.04,0.26,Alta
2009,90,Tucumán,60 a 74,Mujer,13475,3034.11,0.23,0.25,0.05,0.19,Moderada
2009,90,Tucumán,60 a 74,Varón,7856,2450.87,0.31,0.16,0.05,0.28,Alta
2009,90,Tucumán,75+,Mujer,3994,1499.25,0.38,0.18,0.06,0.34,Muy alta
2009,90,Tucumán,75+,Varón,1950,1217.68,0.62,0.18,0.1,0.55,Muy alta
2009,94,Tierra del Fuego,20 a 29,Mujer,1295,364.93,0.28,0.12,0.03,0.26,Alta
2009,94,Tierra del Fuego,20 a 29,Varón,595,283.65,0.48,0.06,0.03,0.46,Muy alta
2009,94,Tierra del Fuego,30 a 44,Mujer,1872,416.82,0.22,0.13,0.03,0.21,Alta
2009,94,Tierra del Fuego,30 a 44,Varón,485,192.45,0.4,0.04,0.01,0.39,Muy alta
2009,94,Tierra del Fuego,45 a 59,Mujer,1979,476.82,0.24,0.19,0.04,0.21,Alta
2009,94,Tierra del Fuego,45 a 59,Varón,1570,414.24,0.26,0.15,0.04,0.24,Alta
2009,94,Tierra del Fuego,60 a 74,Mujer,138,62.17,0.45,0.04,0.02,0.47,Muy alta
2009,94,Tierra del Fuego,60 a 74,Varón,1455,393.6,0.27,0.52,0.09,0.17,Moderada
2009,94,Tierra del Fuego,75+,Mujer,286,186.11,0.65,0.35,0.17,0.49,Muy alta
2009,94,Tierra del Fuego,75+,Varón,100,76.69,0.77,0.24,0.17,0.69,Muy alta
2013,2,CABA,20 a 29,Mujer,1688,1317.24,0.78,0.01,0.01,0.79,Muy alta
2013,2,CABA,20 a 29,Varón,1949,1949,1,0.01,0.01,1,Muy alta
2013,2,CABA,30 a 44,Mujer,6966,5137.67,0.74,0.02,0.02,0.73,Muy alta
2013,2,CABA,30 a 44,Varón,14094,6465.18,0.46,0.04,0.02,0.45,Muy alta
2013,2,CABA,45 a 59,Mujer,27989,9640.56,0.34,0.1,0.03,0.33,Muy alta
2013,2,CABA,45 a 59,Varón,16822,6172.83,0.37,0.08,0.03,0.36,Muy alta
2013,2,CABA,60 a 74,Mujer,41000,14920.58,0.36,0.18,0.06,0.32,Muy alta
2013,2,CABA,60 a 74,Varón,52110,14768.19,0.28,0.32,0.07,0.23,Alta
2013,2,CABA,75+,Mujer,14695,5486.18,0.37,0.11,0.04,0.37,Muy alta
2013,2,CABA,75+,Varón,9742,4978.93,0.51,0.13,0.06,0.48,Muy alta
2013,6,Buenos Aires,20 a 29,Mujer,29152,11615.23,0.4,0.02,0.01,0.39,Muy alta
2013,6,Buenos Aires,20 a 29,Varón,57967,22410.58,0.39,0.05,0.02,0.37,Muy alta
2013,6,Buenos Aires,30 a 44,Mujer,128470,22279.98,0.17,0.08,0.01,0.17,Moderada
2013,6,Buenos Aires,30 a 44,Varón,78557,17086.27,0.22,0.05,0.01,0.21,Alta
2013,6,Buenos Aires,45 a 59,Mujer,177169,30095.48,0.17,0.15,0.02,0.16,Moderada
2013,6,Buenos Aires,45 a 59,Varón,157518,27917.66,0.18,0.13,0.02,0.16,Moderada
2013,6,Buenos Aires,60 a 74,Mujer,149982,23095.51,0.15,0.15,0.02,0.14,Moderada
2013,6,Buenos Aires,60 a 74,Varón,156245,24210.39,0.15,0.21,0.03,0.14,Moderada
2013,6,Buenos Aires,75+,Mujer,74919,18928.39,0.25,0.18,0.04,0.22,Alta
2013,6,Buenos Aires,75+,Varón,29602,7656.76,0.26,0.11,0.03,0.26,Alta
2013,10,Catamarca,20 a 29,Mujer,1960,1023.72,0.52,0.08,0.04,0.5,Muy alta
2013,10,Catamarca,20 a 29,Varón,108,83.57,0.77,0.01,0,0.79,Muy alta
2013,10,Catamarca,30 a 44,Mujer,4065,1128.8,0.28,0.16,0.04,0.25,Alta
2013,10,Catamarca,30 a 44,Varón,3263,1095.37,0.34,0.12,0.04,0.32,Muy alta
2013,10,Catamarca,45 a 59,Mujer,2567,903.56,0.35,0.16,0.05,0.32,Muy alta
2013,10,Catamarca,45 a 59,Varón,3759,1393.23,0.37,0.21,0.07,0.32,Muy alta
2013,10,Catamarca,60 a 74,Mujer,3136,927.25,0.3,0.18,0.05,0.27,Alta
2013,10,Catamarca,60 a 74,Varón,1701,724.29,0.43,0.17,0.07,0.39,Muy alta
2013,10,Catamarca,75+,Mujer,853,507.71,0.6,0.19,0.1,0.54,Muy alta
2013,10,Catamarca,75+,Varón,960,570.65,0.59,0.33,0.15,0.45,Muy alta
2013,14,Córdoba,20 a 29,Mujer,10411,3505.9,0.34,0.04,0.01,0.34,Muy alta
2013,14,Córdoba,20 a 29,Varón,11331,7802.92,0.69,0.05,0.03,0.67,Muy alta
2013,14,Córdoba,30 a 44,Mujer,35316,10445.48,0.3,0.11,0.03,0.28,Alta
2013,14,Córdoba,30 a 44,Varón,15414,5297.72,0.34,0.05,0.02,0.34,Muy alta
2013,14,Córdoba,45 a 59,Mujer,34237,8555.34,0.25,0.15,0.04,0.23,Alta
2013,14,Córdoba,45 a 59,Varón,40025,8282.74,0.21,0.19,0.04,0.2,Moderada
2013,14,Córdoba,60 a 74,Mujer,56603,15492.2,0.27,0.27,0.06,0.22,Alta
2013,14,Córdoba,60 a 74,Varón,43129,15655.63,0.36,0.28,0.08,0.29,Alta
2013,14,Córdoba,75+,Mujer,13927,4777.86,0.34,0.17,0.05,0.32,Muy alta
2013,14,Córdoba,75+,Varón,12712,6872.15,0.54,0.27,0.13,0.46,Muy alta
2013,18,Corrientes,20 a 29,Mujer,2037,1138.05,0.56,0.03,0.01,0.56,Muy alta
2013,18,Corrientes,20 a 29,Varón,1987,1184.32,0.6,0.03,0.02,0.6,Muy alta
2013,18,Corrientes,30 a 44,Mujer,6299,1702.8,0.27,0.08,0.02,0.27,Alta
2013,18,Corrientes,30 a 44,Varón,2538,1199.62,0.47,0.03,0.02,0.47,Muy alta
2013,18,Corrientes,45 a 59,Mujer,8709,2284.92,0.26,0.13,0.03,0.25,Alta
2013,18,Corrientes,45 a 59,Varón,2515,1458.2,0.58,0.05,0.03,0.57,Muy alta
2013,18,Corrientes,60 a 74,Mujer,5784,2326.56,0.4,0.16,0.06,0.36,Muy alta
2013,18,Corrientes,60 a 74,Varón,4378,1565.35,0.36,0.13,0.05,0.35,Muy alta
2013,18,Corrientes,75+,Mujer,5421,1534.44,0.28,0.29,0.07,0.24,Alta
2013,18,Corrientes,75+,Varón,2229,984.55,0.44,0.16,0.08,0.46,Muy alta
2013,22,Chaco,20 a 29,Mujer,3784,1734.49,0.46,0.05,0.02,0.46,Muy alta
2013,22,Chaco,20 a 29,Varón,1410,1032.58,0.73,0.02,0.01,0.73,Muy alta
2013,22,Chaco,30 a 44,Mujer,11741,5020.86,0.43,0.13,0.05,0.38,Muy alta
2013,22,Chaco,30 a 44,Varón,5649,2066.97,0.37,0.07,0.03,0.36,Muy alta
2013,22,Chaco,45 a 59,Mujer,4610,1753.33,0.38,0.08,0.03,0.37,Muy alta
2013,22,Chaco,45 a 59,Varón,6974,2437.62,0.35,0.11,0.04,0.33,Muy alta
2013,22,Chaco,60 a 74,Mujer,8800,2599.7,0.3,0.21,0.06,0.26,Alta
2013,22,Chaco,60 a 74,Varón,3025,1046.94,0.35,0.11,0.04,0.35,Muy alta
2013,22,Chaco,75+,Mujer,1964,1116.44,0.57,0.14,0.08,0.53,Muy alta
2013,22,Chaco,75+,Varón,2758,1221.29,0.44,0.3,0.12,0.4,Muy alta
2013,26,Chubut,20 a 29,Mujer,2696,1094.03,0.41,0.06,0.02,0.39,Muy alta
2013,26,Chubut,20 a 29,Varón,1589,1017.96,0.64,0.04,0.03,0.62,Muy alta
2013,26,Chubut,30 a 44,Mujer,3919,1034.08,0.26,0.07,0.02,0.25,Alta
2013,26,Chubut,30 a 44,Varón,4703,1247.7,0.27,0.08,0.02,0.25,Alta
2013,26,Chubut,45 a 59,Mujer,5087,1253.99,0.25,0.13,0.03,0.23,Alta
2013,26,Chubut,45 a 59,Varón,3690,1000.29,0.27,0.11,0.03,0.26,Alta
2013,26,Chubut,60 a 74,Mujer,5122,1239.18,0.24,0.24,0.05,0.21,Alta
2013,26,Chubut,60 a 74,Varón,3227,983.2,0.3,0.16,0.05,0.28,Alta
2013,26,Chubut,75+,Mujer,1601,500.57,0.31,0.17,0.05,0.31,Muy alta
2013,26,Chubut,75+,Varón,596,365.85,0.61,0.12,0.07,0.58,Muy alta
2013,30,Entre Ríos,20 a 29,Mujer,2804,1145.43,0.41,0.03,0.01,0.41,Muy alta
2013,30,Entre Ríos,20 a 29,Varón,1384,973.09,0.7,0.02,0.01,0.7,Muy alta
2013,30,Entre Ríos,30 a 44,Mujer,7284,2800.78,0.38,0.07,0.02,0.37,Muy alta
2013,30,Entre Ríos,30 a 44,Varón,5694,2006.68,0.35,0.05,0.02,0.35,Muy alta
2013,30,Entre Ríos,45 a 59,Mujer,6267,2358.39,0.38,0.08,0.03,0.36,Muy alta
2013,30,Entre Ríos,45 a 59,Varón,7866,2261.2,0.29,0.11,0.03,0.28,Alta
2013,30,Entre Ríos,60 a 74,Mujer,9498,2027.69,0.21,0.14,0.03,0.21,Alta
2013,30,Entre Ríos,60 a 74,Varón,9227,3108.26,0.34,0.2,0.06,0.29,Alta
2013,30,Entre Ríos,75+,Mujer,3731,1199.22,0.32,0.15,0.05,0.31,Muy alta
2013,30,Entre Ríos,75+,Varón,2344,1367.39,0.58,0.18,0.09,0.52,Muy alta
2013,34,Formosa,20 a 29,Mujer,848,441.76,0.52,0.03,0.01,0.52,Muy alta
2013,34,Formosa,20 a 29,Varón,2180,1284.79,0.59,0.08,0.04,0.56,Muy alta
2013,34,Formosa,30 a 44,Mujer,1582,486.78,0.31,0.04,0.01,0.31,Muy alta
2013,34,Formosa,30 a 44,Varón,806,485.47,0.6,0.02,0.01,0.6,Muy alta
2013,34,Formosa,45 a 59,Mujer,2735,1148.26,0.42,0.1,0.04,0.39,Muy alta
2013,34,Formosa,45 a 59,Varón,1914,791.47,0.41,0.08,0.03,0.4,Muy alta
2013,34,Formosa,60 a 74,Mujer,3149,1063.57,0.34,0.19,0.06,0.31,Muy alta
2013,34,Formosa,60 a 74,Varón,2974,1064.09,0.36,0.22,0.07,0.31,Muy alta
2013,34,Formosa,75+,Mujer,1108,516.93,0.47,0.15,0.07,0.46,Muy alta
2013,34,Formosa,75+,Varón,1016,741.56,0.73,0.2,0.13,0.64,Muy alta
2013,38,Jujuy,20 a 29,Mujer,1137,679.45,0.6,0.02,0.01,0.59,Muy alta
2013,38,Jujuy,20 a 29,Varón,1883,1009.29,0.54,0.04,0.02,0.53,Muy alta
2013,38,Jujuy,30 a 44,Mujer,4642,1362.88,0.29,0.07,0.02,0.28,Alta
2013,38,Jujuy,30 a 44,Varón,2418,1196.23,0.49,0.04,0.02,0.48,Muy alta
2013,38,Jujuy,45 a 59,Mujer,4582,1468.59,0.32,0.1,0.03,0.3,Alta
2013,38,Jujuy,45 a 59,Varón,2017,711.62,0.35,0.05,0.02,0.35,Muy alta
2013,38,Jujuy,60 a 74,Mujer,4865,1614.58,0.33,0.19,0.06,0.29,Alta
2013,38,Jujuy,60 a 74,Varón,3821,1174.92,0.31,0.18,0.05,0.29,Alta
2013,38,Jujuy,75+,Mujer,2364,1173.58,0.5,0.23,0.1,0.42,Muy alta
2013,38,Jujuy,75+,Varón,326,326,1,0.05,0.05,0.99,Muy alta
2013,42,La Pampa,20 a 29,Mujer,1243,591.18,0.48,0.07,0.03,0.46,Muy alta
2013,42,La Pampa,20 a 29,Varón,316,316,1,0.02,0.02,0.99,Muy alta
2013,42,La Pampa,30 a 44,Mujer,2578,785.18,0.3,0.1,0.03,0.29,Alta
2013,42,La Pampa,30 a 44,Varón,1337,548.16,0.41,0.06,0.02,0.4,Muy alta
2013,42,La Pampa,45 a 59,Mujer,2394,1033.65,0.43,0.13,0.05,0.39,Muy alta
2013,42,La Pampa,45 a 59,Varón,1507,633.73,0.42,0.08,0.03,0.4,Muy alta
2013,42,La Pampa,60 a 74,Mujer,1687,640.1,0.38,0.14,0.05,0.35,Muy alta
2013,42,La Pampa,60 a 74,Varón,1077,462.79,0.43,0.1,0.04,0.41,Muy alta
2013,42,La Pampa,75+,Mujer,992,402.6,0.41,0.13,0.05,0.38,Muy alta
2013,42,La Pampa,75+,Varón,951,503.96,0.53,0.2,0.09,0.46,Muy alta
2013,46,La Rioja,20 a 29,Mujer,1751,615.96,0.35,0.06,0.02,0.34,Muy alta
2013,46,La Rioja,20 a 29,Varón,30,30,1,0,0,1.01,Muy alta
2013,46,La Rioja,30 a 44,Mujer,1432,618.98,0.43,0.05,0.02,0.42,Muy alta
2013,46,La Rioja,30 a 44,Varón,1959,636.63,0.32,0.06,0.02,0.32,Muy alta
2013,46,La Rioja,45 a 59,Mujer,3355,1058.71,0.32,0.17,0.05,0.28,Alta
2013,46,La Rioja,45 a 59,Varón,2519,753.26,0.3,0.13,0.04,0.28,Alta
2013,46,La Rioja,60 a 74,Mujer,1486,537.49,0.36,0.12,0.04,0.34,Muy alta
2013,46,La Rioja,60 a 74,Varón,3153,952.9,0.3,0.31,0.08,0.25,Alta
2013,46,La Rioja,75+,Mujer,818,375.64,0.46,0.19,0.08,0.42,Muy alta
2013,46,La Rioja,75+,Varón,338,154.8,0.46,0.12,0.06,0.51,Muy alta
2013,50,Mendoza,20 a 29,Mujer,4111,1758.1,0.43,0.03,0.01,0.42,Muy alta
2013,50,Mendoza,20 a 29,Varón,2345,1358.4,0.58,0.02,0.01,0.58,Muy alta
2013,50,Mendoza,30 a 44,Mujer,10738,3282.31,0.31,0.08,0.02,0.29,Alta
2013,50,Mendoza,30 a 44,Varón,3311,2228.01,0.67,0.02,0.02,0.66,Muy alta
2013,50,Mendoza,45 a 59,Mujer,11076,3120.04,0.28,0.1,0.03,0.27,Alta
2013,50,Mendoza,45 a 59,Varón,16186,4427.06,0.27,0.15,0.04,0.25,Alta
2013,50,Mendoza,60 a 74,Mujer,13418,2974.63,0.22,0.13,0.03,0.21,Alta
2013,50,Mendoza,60 a 74,Varón,12058,3235,0.27,0.18,0.04,0.24,Alta
2013,50,Mendoza,75+,Mujer,7142,2718.93,0.38,0.21,0.07,0.33,Muy alta
2013,50,Mendoza,75+,Varón,9092,2882.22,0.32,0.42,0.1,0.24,Alta
2013,54,Misiones,20 a 29,Mujer,4506,2333.62,0.52,0.06,0.03,0.5,Muy alta
2013,54,Misiones,20 a 29,Varón,1024,846.45,0.83,0.01,0.01,0.82,Muy alta
2013,54,Misiones,30 a 44,Mujer,7968,2221.96,0.28,0.09,0.02,0.27,Alta
2013,54,Misiones,30 a 44,Varón,2943,1531.38,0.52,0.04,0.02,0.51,Muy alta
2013,54,Misiones,45 a 59,Mujer,5045,1728.49,0.34,0.09,0.03,0.33,Muy alta
2013,54,Misiones,45 a 59,Varón,6980,3261.4,0.47,0.11,0.05,0.43,Muy alta
2013,54,Misiones,60 a 74,Mujer,7304,2122.77,0.29,0.2,0.05,0.26,Alta
2013,54,Misiones,60 a 74,Varón,8084,2443.13,0.3,0.27,0.07,0.25,Alta
2013,54,Misiones,75+,Mujer,1863,960.75,0.52,0.19,0.09,0.47,Muy alta
2013,54,Misiones,75+,Varón,2312,1179.73,0.51,0.32,0.13,0.4,Muy alta
2013,58,Neuquén,20 a 29,Mujer,5485,1624.8,0.3,0.15,0.04,0.28,Alta
2013,58,Neuquén,20 a 29,Varón,1277,746.02,0.58,0.03,0.02,0.58,Muy alta
2013,58,Neuquén,30 a 44,Mujer,6479,1743.31,0.27,0.1,0.03,0.26,Alta
2013,58,Neuquén,30 a 44,Varón,3543,1228.66,0.35,0.07,0.02,0.34,Muy alta
2013,58,Neuquén,45 a 59,Mujer,4726,1416.27,0.3,0.12,0.03,0.28,Alta
2013,58,Neuquén,45 a 59,Varón,3821,1423.49,0.37,0.09,0.03,0.36,Muy alta
2013,58,Neuquén,60 a 74,Mujer,4196,1140.47,0.27,0.21,0.05,0.24,Alta
2013,58,Neuquén,60 a 74,Varón,8091,1969.21,0.24,0.46,0.08,0.17,Moderada
2013,58,Neuquén,75+,Mujer,2378,836.56,0.35,0.3,0.1,0.32,Muy alta
2013,58,Neuquén,75+,Varón,1793,700.18,0.39,0.3,0.1,0.33,Muy alta
2013,62,Río Negro,20 a 29,Mujer,895,564.22,0.63,0.02,0.01,0.63,Muy alta
2013,62,Río Negro,20 a 29,Varón,583,417.23,0.72,0.01,0.01,0.71,Muy alta
2013,62,Río Negro,30 a 44,Mujer,5254,1161.06,0.22,0.08,0.02,0.21,Alta
2013,62,Río Negro,30 a 44,Varón,1598,930.74,0.58,0.03,0.01,0.57,Muy alta
2013,62,Río Negro,45 a 59,Mujer,8296,2079.17,0.25,0.18,0.04,0.22,Alta
2013,62,Río Negro,45 a 59,Varón,4375,1173.13,0.27,0.12,0.03,0.25,Alta
2013,62,Río Negro,60 a 74,Mujer,4605,1065.3,0.23,0.16,0.03,0.21,Alta
2013,62,Río Negro,60 a 74,Varón,3862,1229.47,0.32,0.15,0.04,0.29,Alta
2013,62,Río Negro,75+,Mujer,1684,755.21,0.45,0.14,0.06,0.4,Muy alta
2013,62,Río Negro,75+,Varón,1305,486.13,0.37,0.17,0.06,0.36,Muy alta
2013,66,Salta,20 a 29,Mujer,6176,2778.87,0.45,0.07,0.03,0.43,Muy alta
2013,66,Salta,20 a 29,Varón,2356,1364.79,0.58,0.03,0.02,0.57,Muy alta
2013,66,Salta,30 a 44,Mujer,12152,2774.58,0.23,0.11,0.02,0.22,Alta
2013,66,Salta,30 a 44,Varón,7453,2040.78,0.27,0.07,0.02,0.27,Alta
2013,66,Salta,45 a 59,Mujer,14606,3704.93,0.25,0.18,0.04,0.22,Alta
2013,66,Salta,45 a 59,Varón,10937,2889.23,0.26,0.15,0.04,0.24,Alta
2013,66,Salta,60 a 74,Mujer,11841,2862.4,0.24,0.27,0.05,0.2,Moderada
2013,66,Salta,60 a 74,Varón,5431,1984.12,0.37,0.14,0.05,0.34,Muy alta
2013,66,Salta,75+,Mujer,3133,1763.99,0.56,0.18,0.09,0.49,Muy alta
2013,66,Salta,75+,Varón,2203,1308.95,0.59,0.22,0.11,0.51,Muy alta
2013,70,San Juan,20 a 29,Mujer,3361,1721.07,0.51,0.07,0.04,0.49,Muy alta
2013,70,San Juan,20 a 29,Varón,1295,876.13,0.68,0.02,0.02,0.67,Muy alta
2013,70,San Juan,30 a 44,Mujer,3633,1389.4,0.38,0.07,0.03,0.37,Muy alta
2013,70,San Juan,30 a 44,Varón,2761,1399.18,0.51,0.06,0.03,0.49,Muy alta
2013,70,San Juan,45 a 59,Mujer,5262,1827.76,0.35,0.11,0.04,0.33,Muy alta
2013,70,San Juan,45 a 59,Varón,6483,2046.85,0.32,0.16,0.05,0.29,Alta
2013,70,San Juan,60 a 74,Mujer,10979,2379.02,0.22,0.33,0.06,0.18,Moderada
2013,70,San Juan,60 a 74,Varón,5661,1864.64,0.33,0.22,0.06,0.3,Alta
2013,70,San Juan,75+,Mujer,3144,1364.09,0.43,0.21,0.08,0.38,Muy alta
2013,70,San Juan,75+,Varón,1563,965.76,0.62,0.19,0.11,0.55,Muy alta
2013,74,San Luis,20 a 29,Mujer,2103,916.11,0.44,0.07,0.03,0.42,Muy alta
2013,74,San Luis,20 a 29,Varón,1862,874.59,0.47,0.05,0.02,0.46,Muy alta
2013,74,San Luis,30 a 44,Mujer,5194,1377.5,0.27,0.12,0.03,0.25,Alta
2013,74,San Luis,30 a 44,Varón,880,550.71,0.63,0.02,0.01,0.62,Muy alta
2013,74,San Luis,45 a 59,Mujer,2157,820.34,0.38,0.08,0.03,0.37,Muy alta
2013,74,San Luis,45 a 59,Varón,4865,1344.86,0.28,0.17,0.04,0.26,Alta
2013,74,San Luis,60 a 74,Mujer,4602,1161.51,0.25,0.23,0.05,0.23,Alta
2013,74,San Luis,60 a 74,Varón,2870,1028.44,0.36,0.19,0.06,0.32,Muy alta
2013,74,San Luis,75+,Mujer,1839,935.83,0.51,0.17,0.08,0.46,Muy alta
2013,74,San Luis,75+,Varón,271,167.9,0.62,0.06,0.04,0.67,Muy alta
2013,78,Santa Cruz,20 a 29,Mujer,1530,777.78,0.51,0.06,0.03,0.49,Muy alta
2013,78,Santa Cruz,20 a 29,Varón,256,181.95,0.71,0.01,0.01,0.71,Muy alta
2013,78,Santa Cruz,30 a 44,Mujer,2532,989.61,0.39,0.09,0.03,0.37,Muy alta
2013,78,Santa Cruz,30 a 44,Varón,1333,581.27,0.44,0.04,0.02,0.43,Muy alta
2013,78,Santa Cruz,45 a 59,Mujer,3280,827.42,0.25,0.15,0.04,0.24,Alta
2013,78,Santa Cruz,45 a 59,Varón,4594,1371.23,0.3,0.22,0.06,0.26,Alta
2013,78,Santa Cruz,60 a 74,Mujer,2099,720.63,0.34,0.27,0.08,0.28,Alta
2013,78,Santa Cruz,60 a 74,Varón,1237,515.48,0.42,0.14,0.05,0.39,Muy alta
2013,78,Santa Cruz,75+,Mujer,1127,459.65,0.41,0.28,0.1,0.35,Muy alta
2013,78,Santa Cruz,75+,Varón,259,193.19,0.75,0.09,0.07,0.74,Muy alta
2013,82,Santa Fe,20 a 29,Mujer,9133,3120.67,0.34,0.04,0.01,0.34,Muy alta
2013,82,Santa Fe,20 a 29,Varón,1932,1205.11,0.62,0.01,0.01,0.63,Muy alta
2013,82,Santa Fe,30 a 44,Mujer,21729,4406.45,0.2,0.07,0.01,0.2,Moderada
2013,82,Santa Fe,30 a 44,Varón,9897,6844.69,0.69,0.03,0.02,0.67,Muy alta
2013,82,Santa Fe,45 a 59,Mujer,28061,5816.56,0.21,0.13,0.03,0.2,Moderada
2013,82,Santa Fe,45 a 59,Varón,10775,3399.13,0.32,0.06,0.02,0.31,Muy alta
2013,82,Santa Fe,60 a 74,Mujer,43888,7305.05,0.17,0.22,0.03,0.15,Moderada
2013,82,Santa Fe,60 a 74,Varón,23317,6463.27,0.28,0.15,0.04,0.25,Alta
2013,82,Santa Fe,75+,Mujer,20867,4682.59,0.22,0.23,0.05,0.2,Moderada
2013,82,Santa Fe,75+,Varón,11688,3771.66,0.32,0.25,0.07,0.28,Alta
2013,86,Santiago del Estero,20 a 29,Mujer,1680,870.01,0.52,0.03,0.02,0.51,Muy alta
2013,86,Santiago del Estero,20 a 29,Varón,498,358.09,0.72,0.01,0.01,0.72,Muy alta
2013,86,Santiago del Estero,30 a 44,Mujer,8565,1861.11,0.22,0.15,0.03,0.2,Moderada
2013,86,Santiago del Estero,30 a 44,Varón,6836,2140.73,0.31,0.11,0.03,0.29,Alta
2013,86,Santiago del Estero,45 a 59,Mujer,8189,1875.8,0.23,0.18,0.04,0.21,Alta
2013,86,Santiago del Estero,45 a 59,Varón,7227,1699.55,0.24,0.17,0.04,0.22,Alta
2013,86,Santiago del Estero,60 a 74,Mujer,6413,1524.66,0.24,0.23,0.05,0.22,Alta
2013,86,Santiago del Estero,60 a 74,Varón,4246,1569.53,0.37,0.22,0.07,0.33,Muy alta
2013,86,Santiago del Estero,75+,Mujer,3072,1418.29,0.46,0.31,0.11,0.36,Muy alta
2013,86,Santiago del Estero,75+,Varón,982,663.01,0.68,0.15,0.1,0.62,Muy alta
2013,90,Tucumán,20 a 29,Mujer,5037,1667.02,0.33,0.05,0.02,0.33,Muy alta
2013,90,Tucumán,20 a 29,Varón,0,0,,0,0,,
2013,90,Tucumán,30 a 44,Mujer,11342,2697.91,0.24,0.09,0.02,0.23,Alta
2013,90,Tucumán,30 a 44,Varón,6372,2035.55,0.32,0.06,0.02,0.31,Muy alta
2013,90,Tucumán,45 a 59,Mujer,15472,3846.28,0.25,0.18,0.04,0.22,Alta
2013,90,Tucumán,45 a 59,Varón,12489,3506.81,0.28,0.14,0.04,0.26,Alta
2013,90,Tucumán,60 a 74,Mujer,9102,2164.09,0.24,0.15,0.03,0.22,Alta
2013,90,Tucumán,60 a 74,Varón,8717,2396.15,0.27,0.18,0.05,0.25,Alta
2013,90,Tucumán,75+,Mujer,5231,1570.05,0.3,0.21,0.06,0.27,Alta
2013,90,Tucumán,75+,Varón,2313,1213.73,0.52,0.15,0.07,0.49,Muy alta
2013,94,Tierra del Fuego,20 a 29,Mujer,579,214.1,0.37,0.05,0.02,0.37,Muy alta
2013,94,Tierra del Fuego,20 a 29,Varón,138,138,1,0.01,0.01,1,Muy alta
2013,94,Tierra del Fuego,30 a 44,Mujer,1759,413.81,0.24,0.12,0.03,0.22,Alta
2013,94,Tierra del Fuego,30 a 44,Varón,1260,362.75,0.29,0.08,0.02,0.28,Alta
2013,94,Tierra del Fuego,45 a 59,Mujer,1763,434.68,0.25,0.15,0.03,0.23,Alta
2013,94,Tierra del Fuego,45 a 59,Varón,984,301.68,0.31,0.09,0.03,0.3,Alta
2013,94,Tierra del Fuego,60 a 74,Mujer,860,260.95,0.3,0.2,0.05,0.28,Alta
2013,94,Tierra del Fuego,60 a 74,Varón,1452,361.55,0.25,0.3,0.07,0.22,Alta
2013,94,Tierra del Fuego,75+,Mujer,220,95.19,0.43,0.33,0.12,0.37,Muy alta
2013,94,Tierra del Fuego,75+,Varón,241,132.32,0.55,0.3,0.14,0.47,Muy alta
2018,2,CABA,20 a 29,Mujer,12537,5498.41,0.44,0.05,0.02,0.45,Muy alta
2018,2,CABA,20 a 29,Varón,5241,3415.85,0.65,0.03,0.02,0.63,Muy alta
2018,2,CABA,30 a 44,Mujer,10778,3821.68,0.35,0.03,0.01,0.36,Muy alta
2018,2,CABA,30 a 44,Varón,8224,4029.11,0.49,0.02,0.01,0.5,Muy alta
2018,2,CABA,45 a 59,Mujer,25173,7419.34,0.29,0.09,0.03,0.3,Alta
2018,2,CABA,45 a 59,Varón,27755,7128.29,0.26,0.12,0.03,0.24,Alta
2018,2,CABA,60 a 74,Mujer,26730,7073.09,0.26,0.12,0.03,0.23,Alta
2018,2,CABA,60 a 74,Varón,42658,8332.78,0.2,0.22,0.04,0.17,Moderada
2018,2,CABA,75+,Mujer,23710,5889.75,0.25,0.2,0.05,0.23,Alta
2018,2,CABA,75+,Varón,19471,5658.03,0.29,0.27,0.07,0.25,Alta
2018,6,Buenos Aires,20 a 29,Mujer,111838,25834.2,0.23,0.09,0.02,0.23,Alta
2018,6,Buenos Aires,20 a 29,Varón,34411,16015.93,0.47,0.03,0.01,0.46,Muy alta
2018,6,Buenos Aires,30 a 44,Mujer,242268,33941.73,0.14,0.14,0.02,0.13,Moderada
2018,6,Buenos Aires,30 a 44,Varón,74060,16572.59,0.22,0.05,0.01,0.22,Alta
2018,6,Buenos Aires,45 a 59,Mujer,212046,30055.12,0.14,0.15,0.02,0.13,Moderada
2018,6,Buenos Aires,45 a 59,Varón,288461,38909.41,0.13,0.21,0.03,0.13,Moderada
2018,6,Buenos Aires,60 a 74,Mujer,200295,25613.38,0.13,0.21,0.02,0.11,Moderada
2018,6,Buenos Aires,60 a 74,Varón,218903,27053.88,0.12,0.23,0.03,0.12,Moderada
2018,6,Buenos Aires,75+,Mujer,65636,10701.44,0.16,0.17,0.03,0.16,Moderada
2018,6,Buenos Aires,75+,Varón,64144,15255.77,0.24,0.2,0.04,0.22,Alta
2018,10,Catamarca,20 a 29,Mujer,3722,1050.24,0.28,0.13,0.04,0.29,Alta
2018,10,Catamarca,20 a 29,Varón,1081,709.97,0.66,0.04,0.03,0.7,Muy alta
2018,10,Catamarca,30 a 44,Mujer,2906,1233.31,0.42,0.1,0.04,0.45,Muy alta
2018,10,Catamarca,30 a 44,Varón,3603,1407.65,0.39,0.12,0.04,0.38,Muy alta
2018,10,Catamarca,45 a 59,Mujer,3498,945.93,0.27,0.16,0.04,0.25,Alta
2018,10,Catamarca,45 a 59,Varón,2638,910.73,0.35,0.15,0.05,0.34,Muy alta
2018,10,Catamarca,60 a 74,Mujer,2358,1027.99,0.44,0.15,0.06,0.4,Muy alta
2018,10,Catamarca,60 a 74,Varón,1532,760.65,0.5,0.11,0.05,0.49,Muy alta
2018,10,Catamarca,75+,Mujer,1042,557.16,0.53,0.19,0.08,0.44,Muy alta
2018,10,Catamarca,75+,Varón,457,280.33,0.61,0.16,0.09,0.6,Muy alta
2018,14,Córdoba,20 a 29,Mujer,25579,9128.41,0.36,0.09,0.03,0.36,Muy alta
2018,14,Córdoba,20 a 29,Varón,5028,2412.34,0.48,0.02,0.01,0.48,Muy alta
2018,14,Córdoba,30 a 44,Mujer,38661,7820.23,0.2,0.1,0.02,0.2,Moderada
2018,14,Córdoba,30 a 44,Varón,24426,8228.07,0.34,0.08,0.03,0.33,Muy alta
2018,14,Córdoba,45 a 59,Mujer,36687,9234.64,0.25,0.19,0.04,0.23,Alta
2018,14,Córdoba,45 a 59,Varón,52735,11722.63,0.22,0.21,0.04,0.2,Moderada
2018,14,Córdoba,60 a 74,Mujer,67196,11249.49,0.17,0.29,0.04,0.15,Moderada
2018,14,Córdoba,60 a 74,Varón,38182,9160.3,0.24,0.22,0.05,0.22,Alta
2018,14,Córdoba,75+,Mujer,9002,4031,0.45,0.09,0.04,0.43,Muy alta
2018,14,Córdoba,75+,Varón,9026,3458.73,0.38,0.18,0.07,0.37,Muy alta
2018,18,Corrientes,20 a 29,Mujer,8223,2824.76,0.34,0.11,0.04,0.35,Muy alta
2018,18,Corrientes,20 a 29,Varón,4115,2648.31,0.64,0.06,0.04,0.65,Muy alta
2018,18,Corrientes,30 a 44,Mujer,13141,3808.23,0.29,0.13,0.03,0.26,Alta
2018,18,Corrientes,30 a 44,Varón,5760,2533.76,0.44,0.07,0.03,0.44,Muy alta
2018,18,Corrientes,45 a 59,Mujer,12730,3449.09,0.27,0.18,0.04,0.24,Alta
2018,18,Corrientes,45 a 59,Varón,6835,2593.12,0.38,0.11,0.04,0.36,Muy alta
2018,18,Corrientes,60 a 74,Mujer,13294,3515.38,0.26,0.3,0.06,0.21,Alta
2018,18,Corrientes,60 a 74,Varón,6487,2138.78,0.33,0.14,0.05,0.34,Muy alta
2018,18,Corrientes,75+,Mujer,5515,1649.92,0.3,0.26,0.07,0.25,Alta
2018,18,Corrientes,75+,Varón,3092,995.04,0.32,0.33,0.1,0.3,Alta
2018,22,Chaco,20 a 29,Mujer,2759,1199.62,0.43,0.03,0.01,0.43,Muy alta
2018,22,Chaco,20 a 29,Varón,1344,880.72,0.66,0.02,0.01,0.67,Muy alta
2018,22,Chaco,30 a 44,Mujer,7258,2118.13,0.29,0.07,0.02,0.29,Alta
2018,22,Chaco,30 a 44,Varón,5454,1971.76,0.36,0.06,0.02,0.34,Muy alta
2018,22,Chaco,45 a 59,Mujer,10132,1989.68,0.2,0.15,0.03,0.2,Moderada
2018,22,Chaco,45 a 59,Varón,5801,2542.07,0.44,0.1,0.04,0.41,Muy alta
2018,22,Chaco,60 a 74,Mujer,11556,3087.53,0.27,0.24,0.06,0.24,Alta
2018,22,Chaco,60 a 74,Varón,12359,3444.76,0.28,0.24,0.06,0.27,Alta
2018,22,Chaco,75+,Mujer,4737,2201.68,0.46,0.32,0.12,0.38,Muy alta
2018,22,Chaco,75+,Varón,508,295.92,0.58,0.06,0.03,0.61,Muy alta
2018,26,Chubut,20 a 29,Mujer,4468,1497.18,0.34,0.09,0.03,0.32,Muy alta
2018,26,Chubut,20 a 29,Varón,517,579.77,1.12,0.01,0.01,1.22,Muy alta
2018,26,Chubut,30 a 44,Mujer,7936,1754.32,0.22,0.13,0.03,0.22,Alta
2018,26,Chubut,30 a 44,Varón,5479,1648.29,0.3,0.09,0.03,0.29,Alta
2018,26,Chubut,45 a 59,Mujer,7279,2701.52,0.37,0.16,0.06,0.37,Muy alta
2018,26,Chubut,45 a 59,Varón,5655,1733.97,0.31,0.14,0.04,0.3,Alta
2018,26,Chubut,60 a 74,Mujer,5531,1460.04,0.26,0.25,0.05,0.21,Alta
2018,26,Chubut,60 a 74,Varón,5448,1824.99,0.33,0.24,0.08,0.31,Muy alta
2018,26,Chubut,75+,Mujer,886,479.02,0.54,0.13,0.06,0.5,Muy alta
2018,26,Chubut,75+,Varón,2724,1344.44,0.49,0.24,0.11,0.45,Muy alta
2018,30,Entre Ríos,20 a 29,Mujer,4523,1472,0.33,0.06,0.02,0.28,Alta
2018,30,Entre Ríos,20 a 29,Varón,1530,931.81,0.61,0.02,0.01,0.61,Muy alta
2018,30,Entre Ríos,30 a 44,Mujer,11757,1977.64,0.17,0.1,0.02,0.16,Moderada
2018,30,Entre Ríos,30 a 44,Varón,4042,1655.86,0.41,0.04,0.01,0.4,Muy alta
2018,30,Entre Ríos,45 a 59,Mujer,20463,4552.28,0.22,0.21,0.04,0.2,Moderada
2018,30,Entre Ríos,45 a 59,Varón,5147,1672.57,0.32,0.07,0.02,0.33,Muy alta
2018,30,Entre Ríos,60 a 74,Mujer,12915,2361.32,0.18,0.19,0.03,0.16,Moderada
2018,30,Entre Ríos,60 a 74,Varón,12370,2383.8,0.19,0.21,0.04,0.17,Moderada
2018,30,Entre Ríos,75+,Mujer,7574,2436.12,0.32,0.24,0.07,0.28,Alta
2018,30,Entre Ríos,75+,Varón,4155,1295.39,0.31,0.19,0.06,0.31,Muy alta
2018,34,Formosa,20 a 29,Mujer,1362,962.71,0.71,0.04,0.03,0.76,Muy alta
2018,34,Formosa,20 a 29,Varón,0,0,,0,0,,
2018,34,Formosa,30 a 44,Mujer,3655,1064.83,0.29,0.09,0.02,0.27,Alta
2018,34,Formosa,30 a 44,Varón,2663,1284.44,0.48,0.07,0.03,0.47,Muy alta
2018,34,Formosa,45 a 59,Mujer,7391,2053.4,0.28,0.21,0.05,0.26,Alta
2018,34,Formosa,45 a 59,Varón,6343,1300.19,0.2,0.21,0.04,0.2,Moderada
2018,34,Formosa,60 a 74,Mujer,2742,855.66,0.31,0.16,0.05,0.3,Alta
2018,34,Formosa,60 a 74,Varón,4389,1207.01,0.28,0.26,0.06,0.23,Alta
2018,34,Formosa,75+,Mujer,2753,613.36,0.22,0.32,0.06,0.18,Moderada
2018,34,Formosa,75+,Varón,2166,764.77,0.35,0.26,0.08,0.33,Muy alta
2018,38,Jujuy,20 a 29,Mujer,2782,1640.51,0.59,0.05,0.03,0.59,Muy alta
2018,38,Jujuy,20 a 29,Varón,486,549.49,1.13,0.01,0.01,1.23,Muy alta
2018,38,Jujuy,30 a 44,Mujer,6018,2092.93,0.35,0.09,0.03,0.35,Muy alta
2018,38,Jujuy,30 a 44,Varón,4329,2039.13,0.47,0.08,0.03,0.44,Muy alta
2018,38,Jujuy,45 a 59,Mujer,7483,1692.47,0.23,0.15,0.03,0.19,Moderada
2018,38,Jujuy,45 a 59,Varón,5219,1554.45,0.3,0.1,0.03,0.3,Alta
2018,38,Jujuy,60 a 74,Mujer,5884,1355.21,0.23,0.21,0.04,0.21,Alta
2018,38,Jujuy,60 a 74,Varón,3645,1215.09,0.33,0.13,0.04,0.3,Alta
2018,38,Jujuy,75+,Mujer,920,378.16,0.41,0.1,0.05,0.49,Muy alta
2018,38,Jujuy,75+,Varón,1659,1246.63,0.75,0.17,0.12,0.72,Muy alta
2018,42,La Pampa,20 a 29,Mujer,1353,653.91,0.48,0.08,0.04,0.45,Muy alta
2018,42,La Pampa,20 a 29,Varón,1704,917.07,0.54,0.08,0.05,0.6,Muy alta
2018,42,La Pampa,30 a 44,Mujer,3907,1131.64,0.29,0.14,0.04,0.28,Alta
2018,42,La Pampa,30 a 44,Varón,3157,1072.99,0.34,0.14,0.05,0.34,Muy alta
2018,42,La Pampa,45 a 59,Mujer,1235,529.37,0.43,0.06,0.03,0.48,Muy alta
2018,42,La Pampa,45 a 59,Varón,3306,972.4,0.29,0.19,0.05,0.26,Alta
2018,42,La Pampa,60 a 74,Mujer,3935,1033.34,0.26,0.26,0.07,0.25,Alta
2018,42,La Pampa,60 a 74,Varón,3215,883.07,0.27,0.25,0.07,0.27,Alta
2018,42,La Pampa,75+,Mujer,937,456.67,0.49,0.18,0.08,0.43,Muy alta
2018,42,La Pampa,75+,Varón,1751,712.63,0.41,0.33,0.12,0.37,Muy alta
2018,46,La Rioja,20 a 29,Mujer,3120,1651.05,0.53,0.12,0.06,0.51,Muy alta
2018,46,La Rioja,20 a 29,Varón,308,194.7,0.63,0.01,0.01,0.67,Muy alta
2018,46,La Rioja,30 a 44,Mujer,3572,1195.18,0.33,0.11,0.04,0.33,Muy alta
2018,46,La Rioja,30 a 44,Varón,3710,1394.02,0.38,0.11,0.04,0.36,Muy alta
2018,46,La Rioja,45 a 59,Mujer,7102,1396.12,0.2,0.25,0.04,0.18,Moderada
2018,46,La Rioja,45 a 59,Varón,2406,991.79,0.41,0.13,0.06,0.45,Muy alta
2018,46,La Rioja,60 a 74,Mujer,3272,983.66,0.3,0.25,0.06,0.26,Alta
2018,46,La Rioja,60 a 74,Varón,6500,1755.32,0.27,0.45,0.1,0.22,Alta
2018,46,La Rioja,75+,Mujer,993,579.18,0.58,0.2,0.11,0.53,Muy alta
2018,46,La Rioja,75+,Varón,447,466.35,1.04,0.2,0.18,0.91,Muy alta
2018,50,Mendoza,20 a 29,Mujer,7252,4408.18,0.61,0.06,0.04,0.61,Muy alta
2018,50,Mendoza,20 a 29,Varón,3146,2124.26,0.68,0.04,0.03,0.68,Muy alta
2018,50,Mendoza,30 a 44,Mujer,33663,9523.21,0.28,0.18,0.05,0.29,Alta
2018,50,Mendoza,30 a 44,Varón,8631,3431.71,0.4,0.06,0.02,0.4,Muy alta
2018,50,Mendoza,45 a 59,Mujer,14845,5308.47,0.36,0.13,0.05,0.34,Muy alta
2018,50,Mendoza,45 a 59,Varón,13690,4340.93,0.32,0.1,0.03,0.32,Muy alta
2018,50,Mendoza,60 a 74,Mujer,13838,2762.65,0.2,0.17,0.03,0.19,Moderada
2018,50,Mendoza,60 a 74,Varón,28728,6785.53,0.24,0.35,0.07,0.21,Alta
2018,50,Mendoza,75+,Mujer,3895,1756.95,0.45,0.09,0.04,0.43,Muy alta
2018,50,Mendoza,75+,Varón,8793,3399.54,0.39,0.23,0.09,0.39,Muy alta
2018,54,Misiones,20 a 29,Mujer,9711,2942.91,0.3,0.13,0.04,0.28,Alta
2018,54,Misiones,20 a 29,Varón,5764,2178.77,0.38,0.07,0.03,0.36,Muy alta
2018,54,Misiones,30 a 44,Mujer,13007,2733.26,0.21,0.13,0.03,0.22,Alta
2018,54,Misiones,30 a 44,Varón,4938,1875.87,0.38,0.07,0.02,0.36,Muy alta
2018,54,Misiones,45 a 59,Mujer,17683,3935.15,0.22,0.26,0.05,0.18,Moderada
2018,54,Misiones,45 a 59,Varón,9675,2619.05,0.27,0.16,0.05,0.29,Alta
2018,54,Misiones,60 a 74,Mujer,7227,1506.31,0.21,0.17,0.03,0.2,Moderada
2018,54,Misiones,60 a 74,Varón,9540,2391.23,0.25,0.21,0.05,0.24,Alta
2018,54,Misiones,75+,Mujer,4496,2226.31,0.5,0.26,0.11,0.43,Muy alta
2018,54,Misiones,75+,Varón,256,249.34,0.97,0.04,0.05,1.44,Muy alta
2018,58,Neuquén,20 a 29,Mujer,5221,1794.39,0.34,0.13,0.04,0.35,Muy alta
2018,58,Neuquén,20 a 29,Varón,912,873.64,0.96,0.02,0.02,0.91,Muy alta
2018,58,Neuquén,30 a 44,Mujer,11780,2370.81,0.2,0.18,0.04,0.21,Alta
2018,58,Neuquén,30 a 44,Varón,2487,958.8,0.39,0.04,0.02,0.4,Muy alta
2018,58,Neuquén,45 a 59,Mujer,5869,1678.29,0.29,0.14,0.04,0.27,Alta
2018,58,Neuquén,45 a 59,Varón,4396,1200.5,0.27,0.11,0.03,0.27,Alta
2018,58,Neuquén,60 a 74,Mujer,9800,2323.01,0.24,0.31,0.06,0.18,Moderada
2018,58,Neuquén,60 a 74,Varón,8058,2111.22,0.26,0.29,0.07,0.25,Alta
2018,58,Neuquén,75+,Mujer,3192,1199.65,0.38,0.25,0.08,0.33,Muy alta
2018,58,Neuquén,75+,Varón,288,285.96,0.99,0.07,0.07,1.09,Muy alta
2018,62,Río Negro,20 a 29,Mujer,7008,1631.89,0.23,0.13,0.03,0.24,Alta
2018,62,Río Negro,20 a 29,Varón,667,431.69,0.65,0.01,0.01,0.66,Muy alta
2018,62,Río Negro,30 a 44,Mujer,7814,1507.92,0.19,0.12,0.02,0.2,Moderada
2018,62,Río Negro,30 a 44,Varón,1700,697.99,0.41,0.03,0.01,0.38,Muy alta
2018,62,Río Negro,45 a 59,Mujer,10418,2891.71,0.28,0.19,0.05,0.24,Alta
2018,62,Río Negro,45 a 59,Varón,7761,1607.05,0.21,0.17,0.04,0.21,Alta
2018,62,Río Negro,60 a 74,Mujer,7075,1112.12,0.16,0.25,0.03,0.14,Moderada
2018,62,Río Negro,60 a 74,Varón,8755,1634.83,0.19,0.21,0.04,0.18,Moderada
2018,62,Río Negro,75+,Mujer,2026,718.75,0.35,0.15,0.05,0.31,Muy alta
2018,62,Río Negro,75+,Varón,1309,596.24,0.46,0.2,0.1,0.47,Muy alta
2018,66,Salta,20 a 29,Mujer,5211,2447.33,0.47,0.05,0.02,0.45,Muy alta
2018,66,Salta,20 a 29,Varón,2428,1517.52,0.63,0.02,0.01,0.62,Muy alta
2018,66,Salta,30 a 44,Mujer,16186,3341.67,0.21,0.13,0.03,0.2,Moderada
2018,66,Salta,30 a 44,Varón,6528,2089.15,0.32,0.06,0.02,0.3,Alta
2018,66,Salta,45 a 59,Mujer,16503,3443.66,0.21,0.18,0.04,0.2,Moderada
2018,66,Salta,45 a 59,Varón,12300,2717.37,0.22,0.14,0.03,0.2,Moderada
2018,66,Salta,60 a 74,Mujer,12108,3226.72,0.27,0.22,0.05,0.24,Alta
2018,66,Salta,60 a 74,Varón,6692,1859.82,0.28,0.13,0.04,0.28,Alta
2018,66,Salta,75+,Mujer,3315,1305.01,0.39,0.21,0.07,0.36,Muy alta
2018,66,Salta,75+,Varón,3765,1953.02,0.52,0.34,0.14,0.42,Muy alta
2018,70,San Juan,20 a 29,Mujer,1390,981.86,0.71,0.03,0.02,0.74,Muy alta
2018,70,San Juan,20 a 29,Varón,2419,1207.73,0.5,0.05,0.03,0.55,Muy alta
2018,70,San Juan,30 a 44,Mujer,6482,2017.54,0.31,0.1,0.03,0.31,Muy alta
2018,70,San Juan,30 a 44,Varón,6682,2238.53,0.34,0.1,0.03,0.33,Muy alta
2018,70,San Juan,45 a 59,Mujer,15036,3153.25,0.21,0.27,0.05,0.18,Moderada
2018,70,San Juan,45 a 59,Varón,8189,2378.98,0.29,0.21,0.06,0.27,Alta
2018,70,San Juan,60 a 74,Mujer,11896,2567.25,0.22,0.29,0.06,0.22,Alta
2018,70,San Juan,60 a 74,Varón,9245,3031.93,0.33,0.28,0.08,0.27,Alta
2018,70,San Juan,75+,Mujer,4039,1576.56,0.39,0.31,0.1,0.34,Muy alta
2018,70,San Juan,75+,Varón,1832,928.13,0.51,0.25,0.13,0.53,Muy alta
2018,74,San Luis,20 a 29,Mujer,5329,1509.96,0.28,0.17,0.05,0.28,Alta
2018,74,San Luis,20 a 29,Varón,1873,1183.71,0.63,0.05,0.03,0.66,Muy alta
2018,74,San Luis,30 a 44,Mujer,10253,2221.91,0.22,0.2,0.04,0.21,Alta
2018,74,San Luis,30 a 44,Varón,3849,1457.93,0.38,0.09,0.03,0.36,Muy alta
2018,74,San Luis,45 a 59,Mujer,5069,1126.46,0.22,0.13,0.03,0.21,Alta
2018,74,San Luis,45 a 59,Varón,2962,1406.22,0.47,0.12,0.05,0.42,Muy alta
2018,74,San Luis,60 a 74,Mujer,4558,979.77,0.21,0.22,0.04,0.2,Moderada
2018,74,San Luis,60 a 74,Varón,11036,2274.37,0.21,0.42,0.07,0.17,Moderada
2018,74,San Luis,75+,Mujer,2972,1022.67,0.34,0.34,0.1,0.28,Alta
2018,74,San Luis,75+,Varón,2493,926.1,0.37,0.47,0.14,0.29,Alta
2018,78,Santa Cruz,20 a 29,Mujer,3507,1379.07,0.39,0.11,0.04,0.39,Muy alta
2018,78,Santa Cruz,20 a 29,Varón,3390,1490.58,0.44,0.12,0.05,0.45,Muy alta
2018,78,Santa Cruz,30 a 44,Mujer,4567,1177.09,0.26,0.12,0.03,0.26,Alta
2018,78,Santa Cruz,30 a 44,Varón,943,562.07,0.6,0.03,0.02,0.57,Muy alta
2018,78,Santa Cruz,45 a 59,Mujer,4763,1115.13,0.23,0.22,0.05,0.22,Alta
2018,78,Santa Cruz,45 a 59,Varón,2822,1005.59,0.36,0.12,0.04,0.36,Muy alta
2018,78,Santa Cruz,60 a 74,Mujer,3102,1183.63,0.38,0.28,0.09,0.33,Muy alta
2018,78,Santa Cruz,60 a 74,Varón,6440,1366.6,0.21,0.4,0.08,0.2,Moderada
2018,78,Santa Cruz,75+,Mujer,1022,530.75,0.52,0.3,0.12,0.4,Muy alta
2018,78,Santa Cruz,75+,Varón,551,362.47,0.66,0.3,0.2,0.68,Muy alta
2018,82,Santa Fe,20 a 29,Mujer,29515,8222.87,0.28,0.12,0.03,0.27,Alta
2018,82,Santa Fe,20 a 29,Varón,8401,3888.54,0.46,0.04,0.02,0.48,Muy alta
2018,82,Santa Fe,30 a 44,Mujer,29614,7198.14,0.24,0.09,0.02,0.23,Alta
2018,82,Santa Fe,30 a 44,Varón,14647,4598.77,0.31,0.05,0.02,0.33,Muy alta
2018,82,Santa Fe,45 a 59,Mujer,33747,7588.2,0.22,0.14,0.03,0.22,Alta
2018,82,Santa Fe,45 a 59,Varón,48495,9660.82,0.2,0.23,0.04,0.19,Moderada
2018,82,Santa Fe,60 a 74,Mujer,45605,9722.07,0.21,0.26,0.05,0.19,Moderada
2018,82,Santa Fe,60 a 74,Varón,49437,11662.17,0.24,0.27,0.06,0.22,Alta
2018,82,Santa Fe,75+,Mujer,18136,5856.52,0.32,0.18,0.06,0.32,Muy alta
2018,82,Santa Fe,75+,Varón,9288,3530.35,0.38,0.15,0.05,0.35,Muy alta
2018,86,Santiago del Estero,20 a 29,Mujer,8382,3082.34,0.37,0.14,0.05,0.36,Muy alta
2018,86,Santiago del Estero,20 a 29,Varón,0,0,,0,0,,
2018,86,Santiago del Estero,30 a 44,Mujer,10197,2932.52,0.29,0.15,0.04,0.28,Alta
2018,86,Santiago del Estero,30 a 44,Varón,4125,1662.38,0.4,0.06,0.03,0.45,Muy alta
2018,86,Santiago del Estero,45 a 59,Mujer,9715,2953.5,0.3,0.21,0.06,0.28,Alta
2018,86,Santiago del Estero,45 a 59,Varón,11712,3079.57,0.26,0.24,0.06,0.27,Alta
2018,86,Santiago del Estero,60 a 74,Mujer,7807,2382.69,0.31,0.23,0.07,0.3,Alta
2018,86,Santiago del Estero,60 a 74,Varón,7025,2229.52,0.32,0.31,0.1,0.32,Muy alta
2018,86,Santiago del Estero,75+,Mujer,361,351.83,0.97,0.03,0.03,0.93,Muy alta
2018,86,Santiago del Estero,75+,Varón,1834,1286.27,0.7,0.18,0.12,0.68,Muy alta
2018,90,Tucumán,20 a 29,Mujer,11672,3407.77,0.29,0.1,0.03,0.27,Alta
2018,90,Tucumán,20 a 29,Varón,5062,2259.85,0.45,0.05,0.02,0.45,Muy alta
2018,90,Tucumán,30 a 44,Mujer,22310,4533.03,0.2,0.16,0.03,0.19,Moderada
2018,90,Tucumán,30 a 44,Varón,8636,3430.13,0.4,0.07,0.03,0.4,Muy alta
2018,90,Tucumán,45 a 59,Mujer,14272,3941.86,0.28,0.17,0.05,0.29,Alta
2018,90,Tucumán,45 a 59,Varón,20751,4690.68,0.23,0.22,0.05,0.21,Alta
2018,90,Tucumán,60 a 74,Mujer,15360,3097.27,0.2,0.2,0.04,0.21,Alta
2018,90,Tucumán,60 a 74,Varón,13864,4619.25,0.33,0.2,0.06,0.31,Muy alta
2018,90,Tucumán,75+,Mujer,5505,2355.42,0.43,0.2,0.08,0.38,Muy alta
2018,90,Tucumán,75+,Varón,1949,1306.37,0.67,0.09,0.07,0.75,Muy alta
2018,94,Tierra del Fuego,20 a 29,Mujer,326,235.82,0.72,0.04,0.03,0.72,Muy alta
2018,94,Tierra del Fuego,20 a 29,Varón,1022,618.05,0.6,0.08,0.05,0.69,Muy alta
2018,94,Tierra del Fuego,30 a 44,Mujer,2900,885.75,0.31,0.12,0.04,0.31,Muy alta
2018,94,Tierra del Fuego,30 a 44,Varón,3204,686.4,0.21,0.17,0.04,0.25,Alta
2018,94,Tierra del Fuego,45 a 59,Mujer,2710,862.48,0.32,0.22,0.07,0.32,Muy alta
2018,94,Tierra del Fuego,45 a 59,Varón,2593,826.11,0.32,0.25,0.08,0.31,Muy alta
2018,94,Tierra del Fuego,60 a 74,Mujer,1561,800.32,0.51,0.24,0.12,0.51,Muy alta
2018,94,Tierra del Fuego,60 a 74,Varón,1761,969.46,0.55,0.22,0.12,0.54,Muy alta
2018,94,Tierra del Fuego,75+,Mujer,290,234.9,0.81,0.33,0.28,0.87,Muy alta
2018,94,Tierra del Fuego,75+,Varón,314,275.83,0.88,0.2,0.23,1.13,Muy alta
